frame_indexes,detected_coordinates,frog_id_kmm,frog_id_gmm,frog_id_dbscan
0,"(103.0, 422.0)",0,4,0
1,"(130.0, 422.0)",0,4,0
2,"(129.0, 402.0)",0,4,0
3,"(130.0, 402.0)",0,4,0
4,"(131.0, 401.0)",0,4,0
5,"(130.0, 402.0)",0,4,0
6,"(122.0, 414.0)",0,4,0
7,"(110.0, 422.0)",0,4,0
8,"(110.0, 422.0)",0,4,0
9,"(112.0, 422.0)",0,4,0
10,"(129.0, 421.0)",0,4,0
11,"(129.0, 421.0)",0,4,0
12,"(150.0, 403.0)",0,0,0
13,"(131.0, 402.0)",0,4,0
14,"(129.0, 422.0)",0,4,0
15,"(108.0, 422.0)",0,4,0
16,"(88.0, 441.0)",0,4,0
17,"(108.0, 422.0)",0,4,0
18,"(108.0, 422.0)",0,4,0
19,"(131.0, 418.0)",0,4,0
20,"(170.0, 401.0)",0,0,0
21,"(172.0, 400.0)",0,0,0
22,"(172.0, 401.0)",0,0,0
23,"(171.0, 418.0)",0,0,0
24,"(171.0, 422.0)",0,0,0
25,"(191.0, 462.0)",0,0,0
26,"(192.0, 463.0)",0,0,0
27,"(190.0, 463.0)",0,0,0
28,"(153.0, 441.0)",0,0,0
29,"(131.0, 421.0)",0,4,0
30,"(130.0, 402.0)",0,4,0
31,"(128.0, 417.0)",0,4,0
32,"(109.0, 422.0)",0,4,0
33,"(108.0, 442.0)",0,4,0
34,"(110.0, 442.0)",0,4,0
35,"(100.0, 442.0)",0,4,0
36,"(110.0, 443.0)",0,4,0
37,"(151.0, 423.0)",0,0,0
38,"(170.0, 420.0)",0,0,0
39,"(171.0, 402.0)",0,0,0
40,"(151.0, 401.0)",0,0,0
41,"(170.0, 400.0)",0,0,0
42,"(151.0, 401.0)",0,0,0
43,"(129.0, 421.0)",0,4,0
44,"(109.0, 422.0)",0,4,0
45,"(131.0, 443.0)",0,4,0
46,"(171.0, 443.0)",0,0,0
47,"(191.0, 444.0)",0,0,0
48,"(192.0, 442.0)",0,0,0
49,"(152.0, 421.0)",0,0,0
50,"(130.0, 421.0)",0,4,0
51,"(91.0, 422.0)",0,4,0
52,"(89.0, 423.0)",0,4,0
53,"(89.0, 441.0)",0,4,0
54,"(102.0, 434.0)",0,4,0
55,"(151.0, 420.0)",0,0,0
56,"(171.0, 401.0)",0,0,0
57,"(171.0, 401.0)",0,0,0
58,"(169.0, 401.0)",0,0,0
59,"(151.0, 401.0)",0,0,0
60,"(151.0, 402.0)",0,0,0
61,"(141.0, 421.0)",0,4,0
62,"(129.0, 422.0)",0,4,0
63,"(112.0, 442.0)",0,4,0
64,"(110.0, 440.0)",0,4,0
65,"(110.0, 441.0)",0,4,0
66,"(110.0, 422.0)",0,4,0
67,"(151.0, 441.0)",0,0,0
68,"(151.0, 439.0)",0,0,0
69,"(150.0, 442.0)",0,0,0
70,"(129.0, 442.0)",0,4,0
71,"(111.0, 442.0)",0,4,0
72,"(94.0, 442.0)",0,4,0
73,"(130.0, 422.0)",0,4,0
74,"(173.0, 402.0)",0,0,0
75,"(183.0, 401.0)",0,0,0
76,"(170.0, 402.0)",0,0,0
77,"(152.0, 402.0)",0,0,0
78,"(150.0, 401.0)",0,0,0
79,"(150.0, 401.0)",0,0,0
80,"(131.0, 402.0)",0,4,0
81,"(872.0, 360.0)",3,1,-1
82,"(852.0, 360.0)",3,1,-1
83,"(440.0, 380.0)",1,3,1
84,"(150.0, 441.0)",0,0,0
85,"(129.0, 422.0)",0,4,0
86,"(108.0, 423.0)",0,4,0
87,"(108.0, 423.0)",0,4,0
88,"(89.0, 422.0)",0,4,0
89,"(95.0, 425.0)",0,4,0
90,"(89.0, 441.0)",0,4,0
91,"(111.0, 442.0)",0,4,0
92,"(149.0, 443.0)",0,0,0
93,"(156.0, 443.0)",0,0,0
94,"(189.0, 422.0)",0,0,0
95,"(172.0, 402.0)",0,0,0
96,"(171.0, 401.0)",0,0,0
97,"(170.0, 401.0)",0,0,0
98,"(152.0, 401.0)",0,0,0
99,"(416.0, 380.0)",1,3,1
100,"(438.0, 379.0)",1,3,1
101,"(873.0, 361.0)",3,1,-1
102,"(853.0, 361.0)",3,1,-1
103,"(129.0, 421.0)",0,4,0
104,"(130.0, 402.0)",0,4,0
105,"(125.0, 422.0)",0,4,0
106,"(111.0, 421.0)",0,4,0
107,"(111.0, 424.0)",0,4,0
108,"(111.0, 421.0)",0,4,0
109,"(123.0, 403.0)",0,4,0
110,"(170.0, 401.0)",0,0,0
110,"(521.0, 361.0)",1,3,1
111,"(441.0, 380.0)",1,3,1
112,"(439.0, 380.0)",1,3,1
113,"(192.0, 381.0)",0,0,0
114,"(191.0, 382.0)",0,0,0
115,"(172.0, 402.0)",0,0,0
116,"(191.0, 421.0)",0,0,0
117,"(171.0, 422.0)",0,0,0
118,"(153.0, 448.0)",0,0,0
119,"(995.0, 380.0)",4,1,2
120,"(979.0, 380.0)",4,1,2
121,"(995.0, 380.0)",4,1,2
122,"(1015.0, 380.0)",4,1,2
123,"(110.0, 421.0)",0,4,0
124,"(99.0, 422.0)",0,4,0
125,"(105.0, 422.0)",0,4,0
126,"(105.0, 422.0)",0,4,0
127,"(130.0, 439.0)",0,4,0
128,"(440.0, 375.0)",1,3,1
129,"(172.0, 421.0)",0,0,0
130,"(173.0, 402.0)",0,0,0
131,"(202.0, 397.0)",0,0,0
132,"(190.0, 382.0)",0,0,0
133,"(173.0, 382.0)",0,0,0
134,"(171.0, 397.0)",0,0,0
135,"(171.0, 401.0)",0,0,0
136,"(419.0, 379.0)",1,3,1
137,"(110.0, 422.0)",0,4,0
137,"(423.0, 380.0)",1,3,1
138,"(105.0, 442.0)",0,4,0
139,"(87.0, 442.0)",0,4,0
140,"(90.0, 442.0)",0,4,0
141,"(111.0, 442.0)",0,4,0
142,"(128.0, 442.0)",0,4,0
143,"(110.0, 442.0)",0,4,0
144,"(131.0, 443.0)",0,4,0
145,"(108.0, 443.0)",0,4,0
146,"(110.0, 442.0)",0,4,0
147,"(90.0, 441.0)",0,4,0
148,"(128.0, 421.0)",0,4,0
149,"(170.0, 401.0)",0,0,0
150,"(171.0, 401.0)",0,0,0
151,"(171.0, 401.0)",0,0,0
152,"(171.0, 404.0)",0,0,0
153,"(439.0, 380.0)",1,3,1
154,"(458.0, 380.0)",1,3,1
155,"(438.0, 380.0)",1,3,1
156,"(438.0, 380.0)",1,3,1
157,"(439.0, 378.0)",1,3,1
158,"(437.0, 379.0)",1,3,1
159,"(89.0, 441.0)",0,4,0
160,"(89.0, 442.0)",0,4,0
161,"(108.0, 442.0)",0,4,0
162,"(110.0, 439.0)",0,4,0
163,"(108.0, 423.0)",0,4,0
164,"(111.0, 439.0)",0,4,0
165,"(131.0, 439.0)",0,4,0
166,"(151.0, 422.0)",0,0,0
167,"(151.0, 422.0)",0,0,0
168,"(131.0, 421.0)",0,4,0
169,"(975.0, 380.0)",4,1,2
170,"(975.0, 379.0)",4,1,2
171,"(976.0, 380.0)",4,1,2
172,"(977.0, 380.0)",4,1,2
173,"(994.0, 380.0)",4,1,2
174,"(1015.0, 382.0)",4,1,2
175,"(171.0, 422.0)",0,0,0
176,"(152.0, 422.0)",0,0,0
177,"(170.0, 421.0)",0,0,0
178,"(151.0, 420.0)",0,0,0
179,"(131.0, 421.0)",0,4,0
180,"(99.0, 422.0)",0,4,0
181,"(90.0, 430.0)",0,4,0
182,"(89.0, 440.0)",0,4,0
183,"(130.0, 422.0)",0,4,0
184,"(110.0, 422.0)",0,4,0
185,"(129.0, 422.0)",0,4,0
186,"(459.0, 379.0)",1,3,1
187,"(460.0, 380.0)",1,3,1
188,"(444.0, 380.0)",1,3,1
189,"(151.0, 442.0)",0,0,0
190,"(151.0, 442.0)",0,0,0
191,"(150.0, 422.0)",0,0,0
192,"(151.0, 422.0)",0,0,0
193,"(151.0, 404.0)",0,0,0
194,"(975.0, 379.0)",4,1,2
195,"(975.0, 380.0)",4,1,2
196,"(975.0, 380.0)",4,1,2
197,"(130.0, 423.0)",0,4,0
198,"(111.0, 422.0)",0,4,0
199,"(109.0, 422.0)",0,4,0
200,"(109.0, 422.0)",0,4,0
201,"(91.0, 438.0)",0,4,0
202,"(90.0, 441.0)",0,4,0
203,"(439.0, 361.0)",1,3,1
204,"(459.0, 361.0)",1,3,1
205,"(459.0, 377.0)",1,3,1
206,"(460.0, 376.0)",1,3,1
207,"(170.0, 400.0)",0,0,0
208,"(151.0, 401.0)",0,0,0
209,"(170.0, 402.0)",0,0,0
209,"(439.0, 380.0)",1,3,1
210,"(439.0, 380.0)",1,3,1
211,"(439.0, 380.0)",1,3,1
211,"(213.0, 443.0)",0,0,0
212,"(213.0, 463.0)",0,0,0
213,"(214.0, 463.0)",0,0,0
214,"(213.0, 471.0)",0,0,0
215,"(192.0, 463.0)",0,0,0
216,"(110.0, 442.0)",0,4,0
217,"(91.0, 442.0)",0,4,0
218,"(90.0, 442.0)",0,4,0
219,"(88.0, 442.0)",0,4,0
220,"(103.0, 441.0)",0,4,0
221,"(129.0, 422.0)",0,4,0
222,"(129.0, 422.0)",0,4,0
223,"(130.0, 441.0)",0,4,0
224,"(151.0, 422.0)",0,0,0
225,"(461.0, 361.0)",1,3,1
226,"(500.0, 377.0)",1,3,1
227,"(502.0, 361.0)",1,3,1
228,"(518.0, 360.0)",1,3,1
229,"(501.0, 361.0)",1,3,1
230,"(461.0, 361.0)",1,3,1
231,"(439.0, 380.0)",1,3,1
232,"(150.0, 401.0)",0,0,0
232,"(439.0, 375.0)",1,3,1
233,"(130.0, 407.0)",0,4,0
234,"(151.0, 443.0)",0,0,0
235,"(192.0, 443.0)",0,0,0
236,"(131.0, 443.0)",0,4,0
237,"(130.0, 442.0)",0,4,0
238,"(171.0, 438.0)",0,0,0
239,"(172.0, 422.0)",0,0,0
240,"(439.0, 380.0)",1,3,1
241,"(440.0, 378.0)",1,3,1
242,"(459.0, 361.0)",1,3,1
243,"(459.0, 380.0)",1,3,1
244,"(482.0, 360.0)",1,3,1
244,"(98.0, 442.0)",0,4,0
245,"(501.0, 360.0)",1,3,1
245,"(85.0, 442.0)",0,4,0
246,"(89.0, 442.0)",0,4,0
247,"(108.0, 443.0)",0,4,0
248,"(113.0, 442.0)",0,4,0
249,"(111.0, 442.0)",0,4,0
250,"(131.0, 423.0)",0,4,0
251,"(206.0, 421.0)",0,0,0
252,"(252.0, 400.0)",0,0,0
253,"(233.0, 381.0)",0,0,0
254,"(213.0, 403.0)",0,0,0
255,"(129.0, 442.0)",0,4,0
256,"(108.0, 443.0)",0,4,0
257,"(88.0, 442.0)",0,4,0
258,"(108.0, 442.0)",0,4,0
259,"(439.0, 380.0)",1,3,1
260,"(460.0, 361.0)",1,3,1
261,"(481.0, 361.0)",1,3,1
262,"(501.0, 360.0)",1,3,1
263,"(501.0, 360.0)",1,3,1
264,"(974.0, 379.0)",4,1,2
265,"(974.0, 380.0)",4,1,2
266,"(975.0, 379.0)",4,1,2
267,"(975.0, 379.0)",4,1,2
268,"(522.0, 360.0)",1,3,1
269,"(209.0, 381.0)",0,0,0
270,"(186.0, 401.0)",0,0,0
271,"(150.0, 421.0)",0,0,0
272,"(110.0, 442.0)",0,4,0
273,"(108.0, 443.0)",0,4,0
274,"(90.0, 443.0)",0,4,0
275,"(90.0, 444.0)",0,4,0
276,"(107.0, 443.0)",0,4,0
277,"(479.0, 360.0)",1,3,1
278,"(460.0, 361.0)",1,3,1
279,"(460.0, 360.0)",1,3,1
280,"(171.0, 417.0)",0,0,0
281,"(213.0, 442.0)",0,0,0
282,"(213.0, 442.0)",0,0,0
283,"(480.0, 361.0)",1,3,1
284,"(975.0, 380.0)",4,1,2
285,"(975.0, 380.0)",4,1,2
286,"(995.0, 381.0)",4,1,2
287,"(975.0, 380.0)",4,1,2
288,"(169.0, 401.0)",0,0,0
289,"(171.0, 402.0)",0,0,0
290,"(109.0, 422.0)",0,4,0
291,"(88.0, 442.0)",0,4,0
292,"(68.0, 442.0)",0,4,0
293,"(88.0, 442.0)",0,4,0
294,"(480.0, 361.0)",1,3,1
295,"(460.0, 379.0)",1,3,1
296,"(440.0, 380.0)",1,3,1
297,"(718.0, 345.0)",3,1,-1
298,"(728.0, 359.0)",3,1,3
299,"(728.0, 359.0)",3,1,3
300,"(89.0, 423.0)",0,4,0
301,"(90.0, 422.0)",0,4,0
302,"(91.0, 423.0)",0,4,0
303,"(108.0, 442.0)",0,4,0
304,"(89.0, 422.0)",0,4,0
305,"(90.0, 423.0)",0,4,0
306,"(128.0, 422.0)",0,4,0
307,"(151.0, 421.0)",0,0,0
308,"(103.0, 423.0)",0,4,0
309,"(106.0, 422.0)",0,4,0
309,"(478.0, 360.0)",1,3,1
310,"(451.0, 380.0)",1,3,1
311,"(440.0, 380.0)",1,3,1
312,"(458.0, 360.0)",1,3,1
313,"(459.0, 360.0)",1,3,1
314,"(459.0, 360.0)",1,3,1
315,"(460.0, 360.0)",1,3,1
316,"(130.0, 444.0)",0,4,0
317,"(767.0, 360.0)",3,1,3
318,"(768.0, 360.0)",3,1,3
319,"(768.0, 359.0)",3,1,3
320,"(768.0, 360.0)",3,1,3
321,"(501.0, 361.0)",1,3,1
322,"(501.0, 360.0)",1,3,1
323,"(88.0, 436.0)",0,4,0
324,"(90.0, 442.0)",0,4,0
325,"(89.0, 441.0)",0,4,0
326,"(89.0, 441.0)",0,4,0
327,"(170.0, 402.0)",0,0,0
328,"(192.0, 381.0)",0,0,0
329,"(480.0, 441.0)",1,0,-1
330,"(456.0, 381.0)",1,3,1
331,"(460.0, 379.0)",1,3,1
332,"(460.0, 361.0)",1,3,1
333,"(500.0, 379.0)",1,3,1
334,"(502.0, 361.0)",1,3,1
335,"(503.0, 360.0)",1,3,1
336,"(502.0, 360.0)",1,3,1
337,"(500.0, 360.0)",1,3,1
337,"(994.0, 380.0)",4,1,2
338,"(481.0, 360.0)",1,3,1
338,"(1005.0, 380.0)",4,1,2
339,"(131.0, 440.0)",0,4,0
339,"(768.0, 360.0)",3,1,3
340,"(128.0, 422.0)",0,4,0
341,"(111.0, 421.0)",0,4,0
342,"(170.0, 403.0)",0,0,0
343,"(131.0, 421.0)",0,4,0
344,"(109.0, 423.0)",0,4,0
345,"(89.0, 442.0)",0,4,0
346,"(90.0, 443.0)",0,4,0
347,"(440.0, 379.0)",1,3,1
348,"(440.0, 379.0)",1,3,1
349,"(481.0, 377.0)",1,3,1
350,"(479.0, 360.0)",1,3,1
351,"(501.0, 360.0)",1,3,1
352,"(501.0, 360.0)",1,3,1
353,"(481.0, 360.0)",1,3,1
354,"(481.0, 361.0)",1,3,1
355,"(480.0, 360.0)",1,3,1
356,"(461.0, 361.0)",1,3,1
356,"(997.0, 381.0)",4,1,2
357,"(995.0, 379.0)",4,1,2
358,"(110.0, 423.0)",0,4,0
359,"(150.0, 420.0)",0,0,0
360,"(171.0, 401.0)",0,0,0
361,"(130.0, 422.0)",0,4,0
362,"(111.0, 422.0)",0,4,0
363,"(1309.0, 503.0)",6,5,-1
364,"(479.0, 380.0)",1,3,1
365,"(461.0, 361.0)",1,3,1
366,"(460.0, 360.0)",1,3,1
367,"(460.0, 360.0)",1,3,1
368,"(459.0, 360.0)",1,3,1
369,"(439.0, 379.0)",1,3,1
370,"(129.0, 441.0)",0,4,0
371,"(148.0, 423.0)",0,0,0
372,"(1309.0, 503.0)",6,5,-1
373,"(131.0, 402.0)",0,4,0
374,"(113.0, 422.0)",0,4,0
375,"(1305.0, 504.0)",6,5,-1
376,"(130.0, 422.0)",0,4,0
377,"(151.0, 420.0)",0,0,0
378,"(192.0, 381.0)",0,0,0
379,"(191.0, 381.0)",0,0,0
380,"(501.0, 378.0)",1,3,1
381,"(460.0, 360.0)",1,3,1
382,"(460.0, 360.0)",1,3,1
383,"(461.0, 361.0)",1,3,1
384,"(457.0, 360.0)",1,3,1
385,"(974.0, 379.0)",4,1,2
386,"(974.0, 374.0)",4,1,2
387,"(977.0, 366.0)",4,1,2
388,"(995.0, 380.0)",4,1,2
389,"(109.0, 441.0)",0,4,0
390,"(130.0, 422.0)",0,4,0
391,"(130.0, 422.0)",0,4,0
392,"(131.0, 422.0)",0,4,0
393,"(152.0, 420.0)",0,0,0
394,"(151.0, 421.0)",0,0,0
395,"(111.0, 422.0)",0,4,0
396,"(501.0, 360.0)",1,3,1
397,"(481.0, 360.0)",1,3,1
398,"(461.0, 361.0)",1,3,1
399,"(459.0, 379.0)",1,3,1
400,"(451.0, 362.0)",1,3,1
401,"(441.0, 361.0)",1,3,1
402,"(460.0, 360.0)",1,3,1
403,"(746.0, 340.0)",3,1,3
404,"(479.0, 360.0)",1,3,1
404,"(976.0, 380.0)",4,1,2
405,"(995.0, 380.0)",4,1,2
406,"(995.0, 380.0)",4,1,2
407,"(996.0, 378.0)",4,1,2
408,"(501.0, 360.0)",1,3,1
409,"(501.0, 360.0)",1,3,1
410,"(503.0, 360.0)",1,3,1
411,"(232.0, 422.0)",0,0,0
412,"(232.0, 401.0)",0,0,0
413,"(151.0, 422.0)",0,0,0
414,"(89.0, 437.0)",0,4,0
415,"(120.0, 423.0)",0,4,0
416,"(480.0, 380.0)",1,3,1
417,"(459.0, 360.0)",1,3,1
418,"(459.0, 360.0)",1,3,1
419,"(456.0, 361.0)",1,3,1
420,"(460.0, 360.0)",1,3,1
421,"(130.0, 422.0)",0,4,0
422,"(336.0, 464.0)",1,0,-1
423,"(336.0, 464.0)",1,0,-1
424,"(335.0, 483.0)",1,0,-1
425,"(130.0, 441.0)",0,4,0
426,"(109.0, 422.0)",0,4,0
427,"(69.0, 423.0)",0,4,0
428,"(68.0, 442.0)",0,4,0
429,"(68.0, 443.0)",0,4,0
430,"(73.0, 443.0)",0,4,0
431,"(90.0, 462.0)",0,4,0
432,"(459.0, 360.0)",1,3,1
433,"(459.0, 360.0)",1,3,1
434,"(459.0, 360.0)",1,3,1
435,"(459.0, 360.0)",1,3,1
436,"(459.0, 360.0)",1,3,1
437,"(461.0, 360.0)",1,3,1
438,"(481.0, 360.0)",1,3,1
439,"(500.0, 360.0)",1,3,1
440,"(501.0, 360.0)",1,3,1
441,"(334.0, 483.0)",1,0,-1
442,"(356.0, 483.0)",1,0,-1
443,"(89.0, 442.0)",0,4,0
444,"(85.0, 442.0)",0,4,0
445,"(68.0, 443.0)",0,4,0
446,"(87.0, 442.0)",0,4,0
447,"(68.0, 442.0)",0,4,0
448,"(398.0, 361.0)",1,3,1
449,"(418.0, 360.0)",1,3,1
450,"(439.0, 377.0)",1,3,1
451,"(479.0, 361.0)",1,3,1
452,"(480.0, 360.0)",1,3,1
453,"(481.0, 360.0)",1,3,1
454,"(480.0, 360.0)",1,3,1
455,"(461.0, 360.0)",1,3,1
456,"(440.0, 379.0)",1,3,1
457,"(439.0, 380.0)",1,3,1
458,"(438.0, 381.0)",1,3,1
459,"(441.0, 380.0)",1,3,1
460,"(458.0, 380.0)",1,3,1
460,"(89.0, 422.0)",0,4,0
461,"(68.0, 441.0)",0,4,0
462,"(68.0, 442.0)",0,4,0
463,"(68.0, 443.0)",0,4,0
464,"(84.0, 442.0)",0,4,0
465,"(89.0, 441.0)",0,4,0
466,"(127.0, 423.0)",0,4,0
467,"(481.0, 360.0)",1,3,1
468,"(482.0, 360.0)",1,3,1
469,"(502.0, 360.0)",1,3,1
470,"(481.0, 361.0)",1,3,1
471,"(728.0, 504.0)",2,2,4
472,"(728.0, 505.0)",2,2,4
473,"(997.0, 380.0)",4,1,2
474,"(996.0, 380.0)",4,1,2
475,"(418.0, 360.0)",1,3,1
476,"(419.0, 361.0)",1,3,1
477,"(171.0, 401.0)",0,0,0
478,"(193.0, 380.0)",0,0,0
479,"(192.0, 380.0)",0,0,0
480,"(460.0, 373.0)",1,3,1
481,"(460.0, 361.0)",1,3,1
482,"(461.0, 361.0)",1,3,1
483,"(479.0, 360.0)",1,3,1
484,"(480.0, 360.0)",1,3,1
485,"(500.0, 360.0)",1,3,1
486,"(88.0, 442.0)",0,4,0
487,"(89.0, 422.0)",0,4,0
488,"(108.0, 422.0)",0,4,0
489,"(110.0, 422.0)",0,4,0
490,"(130.0, 422.0)",0,4,0
491,"(996.0, 380.0)",4,1,2
492,"(1016.0, 380.0)",4,1,2
493,"(1015.0, 380.0)",4,1,2
494,"(439.0, 361.0)",1,3,1
495,"(439.0, 360.0)",1,3,1
496,"(440.0, 360.0)",1,3,1
497,"(457.0, 360.0)",1,3,1
498,"(459.0, 359.0)",1,3,1
499,"(459.0, 359.0)",1,3,1
500,"(479.0, 360.0)",1,3,1
501,"(502.0, 360.0)",1,3,1
502,"(521.0, 360.0)",1,3,1
503,"(500.0, 359.0)",1,3,1
504,"(728.0, 505.0)",2,2,4
505,"(461.0, 360.0)",1,3,1
506,"(460.0, 361.0)",1,3,1
507,"(89.0, 421.0)",0,4,0
508,"(111.0, 421.0)",0,4,0
509,"(110.0, 422.0)",0,4,0
510,"(89.0, 441.0)",0,4,0
511,"(88.0, 442.0)",0,4,0
512,"(85.0, 443.0)",0,4,0
513,"(88.0, 442.0)",0,4,0
514,"(458.0, 360.0)",1,3,1
515,"(459.0, 360.0)",1,3,1
516,"(460.0, 360.0)",1,3,1
517,"(479.0, 359.0)",1,3,1
518,"(479.0, 360.0)",1,3,1
519,"(746.0, 505.0)",2,2,4
520,"(747.0, 505.0)",2,2,4
521,"(747.0, 504.0)",2,2,4
522,"(1035.0, 381.0)",4,1,2
523,"(460.0, 360.0)",1,3,1
524,"(479.0, 360.0)",1,3,1
525,"(459.0, 360.0)",1,3,1
526,"(150.0, 400.0)",0,0,0
527,"(171.0, 400.0)",0,0,0
528,"(171.0, 400.0)",0,0,0
529,"(111.0, 421.0)",0,4,0
530,"(109.0, 423.0)",0,4,0
531,"(1036.0, 380.0)",4,1,2
531,"(481.0, 360.0)",1,3,1
532,"(459.0, 360.0)",1,3,1
533,"(459.0, 360.0)",1,3,1
534,"(438.0, 360.0)",1,3,1
535,"(438.0, 360.0)",1,3,1
536,"(439.0, 359.0)",1,3,1
537,"(439.0, 359.0)",1,3,1
538,"(460.0, 358.0)",1,3,1
539,"(152.0, 385.0)",0,0,0
540,"(133.0, 381.0)",0,0,0
541,"(131.0, 381.0)",0,0,0
542,"(129.0, 381.0)",0,0,0
543,"(130.0, 381.0)",0,0,0
544,"(418.0, 360.0)",1,3,1
544,"(130.0, 402.0)",0,4,0
545,"(129.0, 414.0)",0,4,0
546,"(170.0, 402.0)",0,0,0
547,"(191.0, 381.0)",0,0,0
548,"(480.0, 355.0)",1,3,1
549,"(1098.0, 381.0)",4,1,2
550,"(1118.0, 381.0)",4,1,2
551,"(1099.0, 381.0)",4,1,2
552,"(376.0, 361.0)",1,3,1
553,"(443.0, 360.0)",1,3,1
554,"(460.0, 358.0)",1,3,1
555,"(460.0, 360.0)",1,3,1
556,"(460.0, 359.0)",1,3,1
557,"(460.0, 359.0)",1,3,1
558,"(460.0, 359.0)",1,3,1
559,"(479.0, 340.0)",1,3,1
559,"(1036.0, 381.0)",4,1,2
560,"(172.0, 380.0)",0,0,0
561,"(191.0, 380.0)",0,0,0
562,"(191.0, 380.0)",0,0,0
563,"(123.0, 421.0)",0,4,0
564,"(88.0, 441.0)",0,4,0
565,"(88.0, 436.0)",0,4,0
566,"(1097.0, 381.0)",4,1,2
567,"(1099.0, 399.0)",4,1,2
568,"(419.0, 360.0)",1,3,1
569,"(419.0, 360.0)",1,3,1
570,"(189.0, 381.0)",0,0,0
571,"(440.0, 349.0)",1,3,1
572,"(439.0, 341.0)",1,3,1
573,"(459.0, 340.0)",1,3,1
574,"(459.0, 340.0)",1,3,1
575,"(459.0, 341.0)",1,3,1
576,"(459.0, 357.0)",1,3,1
577,"(1118.0, 380.0)",4,1,2
578,"(205.0, 381.0)",0,0,0
579,"(165.0, 381.0)",0,0,0
580,"(1079.0, 381.0)",4,1,2
581,"(1079.0, 380.0)",4,1,2
582,"(91.0, 402.0)",0,4,0
583,"(88.0, 421.0)",0,4,0
584,"(69.0, 424.0)",0,4,0
585,"(82.0, 441.0)",0,4,0
586,"(392.0, 361.0)",1,3,1
587,"(378.0, 360.0)",1,3,1
588,"(378.0, 360.0)",1,3,1
589,"(376.0, 360.0)",1,3,1
590,"(392.0, 360.0)",1,3,1
591,"(419.0, 355.0)",1,3,1
592,"(439.0, 346.0)",1,3,1
593,"(441.0, 359.0)",1,3,1
594,"(439.0, 340.0)",1,3,1
595,"(439.0, 340.0)",1,3,1
596,"(1098.0, 380.0)",4,1,2
597,"(1098.0, 380.0)",4,1,2
598,"(69.0, 422.0)",0,4,0
598,"(1099.0, 380.0)",4,1,2
599,"(69.0, 442.0)",0,4,0
600,"(69.0, 442.0)",0,4,0
601,"(69.0, 442.0)",0,4,0
602,"(316.0, 380.0)",1,0,1
603,"(335.0, 380.0)",1,3,1
604,"(336.0, 401.0)",1,0,1
605,"(337.0, 380.0)",1,3,1
606,"(351.0, 360.0)",1,3,1
607,"(1078.0, 380.0)",4,1,2
608,"(1078.0, 380.0)",4,1,2
609,"(1098.0, 380.0)",4,1,2
610,"(1098.0, 380.0)",4,1,2
611,"(439.0, 340.0)",1,3,1
612,"(438.0, 341.0)",1,3,1
613,"(439.0, 340.0)",1,3,1
614,"(439.0, 340.0)",1,3,1
615,"(440.0, 340.0)",1,3,1
616,"(88.0, 441.0)",0,4,0
617,"(69.0, 442.0)",0,4,0
618,"(69.0, 441.0)",0,4,0
619,"(1118.0, 382.0)",4,1,2
620,"(316.0, 381.0)",1,0,1
621,"(294.0, 381.0)",1,0,1
622,"(272.0, 381.0)",0,0,-1
623,"(273.0, 381.0)",0,0,-1
624,"(295.0, 379.0)",1,0,1
625,"(294.0, 380.0)",1,0,1
626,"(232.0, 401.0)",0,0,0
627,"(232.0, 401.0)",0,0,0
628,"(191.0, 382.0)",0,0,0
629,"(170.0, 381.0)",0,0,0
630,"(151.0, 380.0)",0,0,0
631,"(130.0, 401.0)",0,4,0
632,"(110.0, 414.0)",0,4,0
633,"(89.0, 422.0)",0,4,0
634,"(68.0, 441.0)",0,4,0
635,"(68.0, 423.0)",0,4,0
635,"(294.0, 422.0)",1,0,-1
636,"(1079.0, 381.0)",4,1,2
637,"(1079.0, 380.0)",4,1,2
638,"(1098.0, 381.0)",4,1,2
639,"(1098.0, 381.0)",4,1,2
640,"(1098.0, 381.0)",4,1,2
641,"(1079.0, 381.0)",4,1,2
642,"(439.0, 341.0)",1,3,1
642,"(89.0, 422.0)",0,4,0
643,"(438.0, 359.0)",1,3,1
644,"(438.0, 340.0)",1,3,1
645,"(438.0, 340.0)",1,3,1
646,"(150.0, 400.0)",0,0,0
647,"(150.0, 381.0)",0,0,0
648,"(151.0, 381.0)",0,0,0
649,"(1079.0, 380.0)",4,1,2
650,"(1098.0, 380.0)",4,1,2
651,"(1099.0, 380.0)",4,1,2
652,"(1098.0, 380.0)",4,1,2
653,"(213.0, 401.0)",0,0,0
654,"(192.0, 402.0)",0,0,0
655,"(252.0, 401.0)",0,0,0
656,"(275.0, 401.0)",0,0,-1
657,"(770.0, 345.0)",3,1,3
658,"(541.0, 340.0)",1,3,1
659,"(544.0, 359.0)",1,3,1
660,"(686.0, 525.0)",2,2,4
661,"(686.0, 524.0)",2,2,4
662,"(439.0, 340.0)",1,3,1
663,"(440.0, 340.0)",1,3,1
664,"(440.0, 340.0)",1,3,1
665,"(128.0, 421.0)",0,4,0
666,"(111.0, 421.0)",0,4,0
667,"(129.0, 402.0)",0,4,0
668,"(172.0, 401.0)",0,0,0
669,"(235.0, 382.0)",0,0,0
670,"(274.0, 383.0)",0,0,-1
671,"(273.0, 440.0)",0,0,-1
672,"(728.0, 505.0)",2,2,4
673,"(232.0, 463.0)",0,0,0
674,"(90.0, 443.0)",0,4,0
675,"(86.0, 443.0)",0,4,0
676,"(69.0, 422.0)",0,4,0
677,"(791.0, 340.0)",3,1,3
678,"(805.0, 340.0)",3,1,3
679,"(686.0, 506.0)",2,2,4
679,"(809.0, 359.0)",3,1,3
680,"(810.0, 359.0)",3,1,3
680,"(686.0, 505.0)",2,2,4
681,"(686.0, 524.0)",2,2,4
682,"(399.0, 360.0)",1,3,1
682,"(111.0, 384.0)",0,0,0
683,"(111.0, 397.0)",0,4,0
683,"(419.0, 342.0)",1,3,1
684,"(436.0, 340.0)",1,3,1
685,"(439.0, 341.0)",1,3,1
685,"(128.0, 399.0)",0,4,0
686,"(151.0, 381.0)",0,0,0
687,"(179.0, 382.0)",0,0,0
688,"(233.0, 397.0)",0,0,0
689,"(234.0, 421.0)",0,0,0
690,"(274.0, 442.0)",0,0,-1
691,"(295.0, 421.0)",1,0,-1
692,"(315.0, 401.0)",1,0,1
693,"(89.0, 442.0)",0,4,0
694,"(69.0, 442.0)",0,4,0
695,"(88.0, 422.0)",0,4,0
696,"(90.0, 407.0)",0,4,0
697,"(108.0, 421.0)",0,4,0
698,"(90.0, 402.0)",0,4,0
699,"(130.0, 421.0)",0,4,0
700,"(130.0, 422.0)",0,4,0
701,"(211.0, 422.0)",0,0,0
702,"(212.0, 422.0)",0,0,0
703,"(212.0, 402.0)",0,0,0
704,"(232.0, 401.0)",0,0,0
705,"(213.0, 402.0)",0,0,0
706,"(728.0, 504.0)",2,2,4
707,"(730.0, 504.0)",2,2,4
708,"(728.0, 504.0)",2,2,4
709,"(743.0, 505.0)",2,2,4
710,"(355.0, 360.0)",1,3,1
711,"(357.0, 359.0)",1,3,1
712,"(357.0, 359.0)",1,3,1
713,"(355.0, 360.0)",1,3,1
714,"(69.0, 420.0)",0,4,0
715,"(67.0, 422.0)",0,4,0
716,"(69.0, 423.0)",0,4,0
717,"(89.0, 421.0)",0,4,0
718,"(131.0, 401.0)",0,4,0
719,"(192.0, 380.0)",0,0,0
720,"(687.0, 504.0)",2,2,4
721,"(790.0, 360.0)",3,1,3
721,"(461.0, 359.0)",1,3,1
722,"(439.0, 341.0)",1,3,1
723,"(233.0, 423.0)",0,0,0
723,"(419.0, 357.0)",1,3,1
724,"(192.0, 402.0)",0,0,0
725,"(192.0, 422.0)",0,0,0
726,"(172.0, 422.0)",0,0,0
727,"(171.0, 441.0)",0,0,0
728,"(152.0, 443.0)",0,0,0
729,"(150.0, 443.0)",0,0,0
730,"(130.0, 441.0)",0,4,0
731,"(107.0, 421.0)",0,4,0
732,"(88.0, 421.0)",0,4,0
733,"(87.0, 422.0)",0,4,0
734,"(86.0, 423.0)",0,4,0
735,"(294.0, 360.0)",1,3,1
736,"(687.0, 523.0)",2,2,4
737,"(687.0, 523.0)",2,2,4
738,"(496.0, 302.0)",1,1,-1
739,"(496.0, 303.0)",1,1,-1
740,"(480.0, 340.0)",1,3,1
741,"(172.0, 401.0)",0,0,0
742,"(731.0, 503.0)",2,2,4
743,"(729.0, 504.0)",2,2,4
744,"(728.0, 504.0)",2,2,4
745,"(728.0, 504.0)",2,2,4
746,"(130.0, 420.0)",0,4,0
747,"(89.0, 402.0)",0,4,0
748,"(88.0, 421.0)",0,4,0
749,"(90.0, 422.0)",0,4,0
750,"(88.0, 422.0)",0,4,0
751,"(89.0, 423.0)",0,4,0
752,"(129.0, 442.0)",0,4,0
753,"(150.0, 442.0)",0,0,0
754,"(130.0, 442.0)",0,4,0
755,"(337.0, 361.0)",1,3,1
756,"(337.0, 360.0)",1,3,1
757,"(355.0, 360.0)",1,3,1
758,"(253.0, 462.0)",0,0,0
759,"(253.0, 463.0)",0,0,0
759,"(728.0, 504.0)",2,2,4
760,"(729.0, 504.0)",2,2,4
761,"(729.0, 505.0)",2,2,4
762,"(747.0, 505.0)",2,2,4
763,"(89.0, 421.0)",0,4,0
764,"(79.0, 422.0)",0,4,0
765,"(69.0, 422.0)",0,4,0
766,"(69.0, 422.0)",0,4,0
767,"(128.0, 421.0)",0,4,0
768,"(213.0, 401.0)",0,0,0
769,"(274.0, 382.0)",0,0,-1
770,"(253.0, 422.0)",0,0,0
771,"(230.0, 443.0)",0,0,0
772,"(212.0, 442.0)",0,0,0
773,"(130.0, 423.0)",0,4,0
774,"(107.0, 422.0)",0,4,0
775,"(90.0, 422.0)",0,4,0
776,"(88.0, 423.0)",0,4,0
777,"(109.0, 423.0)",0,4,0
778,"(128.0, 422.0)",0,4,0
779,"(747.0, 505.0)",2,2,4
780,"(747.0, 505.0)",2,2,4
781,"(109.0, 402.0)",0,4,0
782,"(90.0, 401.0)",0,4,0
783,"(68.0, 401.0)",0,4,0
784,"(69.0, 422.0)",0,4,0
785,"(90.0, 431.0)",0,4,0
786,"(91.0, 442.0)",0,4,0
787,"(109.0, 442.0)",0,4,0
788,"(192.0, 442.0)",0,0,0
789,"(212.0, 461.0)",0,0,0
789,"(352.0, 360.0)",1,3,1
790,"(317.0, 361.0)",1,3,1
791,"(317.0, 360.0)",1,3,1
792,"(687.0, 525.0)",2,2,4
793,"(105.0, 419.0)",0,4,0
794,"(126.0, 419.0)",0,4,0
795,"(90.0, 422.0)",0,4,0
796,"(88.0, 423.0)",0,4,0
797,"(89.0, 422.0)",0,4,0
798,"(88.0, 440.0)",0,4,0
799,"(69.0, 423.0)",0,4,0
800,"(69.0, 422.0)",0,4,0
801,"(89.0, 423.0)",0,4,0
802,"(88.0, 442.0)",0,4,0
803,"(89.0, 442.0)",0,4,0
804,"(131.0, 443.0)",0,4,0
805,"(193.0, 463.0)",0,0,0
806,"(213.0, 463.0)",0,0,0
807,"(214.0, 463.0)",0,0,0
808,"(215.0, 463.0)",0,0,0
809,"(461.0, 359.0)",1,3,1
810,"(481.0, 340.0)",1,3,1
811,"(479.0, 341.0)",1,3,1
812,"(480.0, 340.0)",1,3,1
813,"(726.0, 505.0)",2,2,4
814,"(110.0, 421.0)",0,4,0
815,"(109.0, 421.0)",0,4,0
816,"(109.0, 422.0)",0,4,0
817,"(89.0, 422.0)",0,4,0
818,"(87.0, 424.0)",0,4,0
819,"(89.0, 423.0)",0,4,0
820,"(109.0, 422.0)",0,4,0
821,"(295.0, 380.0)",1,0,1
822,"(419.0, 359.0)",1,3,1
823,"(439.0, 340.0)",1,3,1
824,"(434.0, 340.0)",1,3,1
825,"(213.0, 463.0)",0,0,0
825,"(438.0, 340.0)",1,3,1
826,"(687.0, 524.0)",2,2,4
826,"(193.0, 442.0)",0,0,0
827,"(687.0, 525.0)",2,2,4
828,"(440.0, 341.0)",1,3,1
829,"(440.0, 341.0)",1,3,1
830,"(441.0, 341.0)",1,3,1
831,"(109.0, 421.0)",0,4,0
832,"(87.0, 422.0)",0,4,0
833,"(69.0, 422.0)",0,4,0
834,"(86.0, 441.0)",0,4,0
835,"(69.0, 422.0)",0,4,0
836,"(88.0, 421.0)",0,4,0
837,"(105.0, 421.0)",0,4,0
838,"(109.0, 421.0)",0,4,0
839,"(130.0, 421.0)",0,4,0
840,"(110.0, 422.0)",0,4,0
841,"(110.0, 442.0)",0,4,0
842,"(149.0, 443.0)",0,0,0
843,"(150.0, 443.0)",0,0,0
844,"(192.0, 462.0)",0,0,0
845,"(481.0, 345.0)",1,3,1
846,"(461.0, 359.0)",1,3,1
847,"(91.0, 402.0)",0,4,0
848,"(69.0, 421.0)",0,4,0
849,"(69.0, 422.0)",0,4,0
850,"(89.0, 423.0)",0,4,0
851,"(728.0, 504.0)",2,2,4
852,"(729.0, 505.0)",2,2,4
853,"(729.0, 505.0)",2,2,4
853,"(358.0, 359.0)",1,3,1
854,"(398.0, 359.0)",1,3,1
855,"(419.0, 341.0)",1,3,1
856,"(356.0, 359.0)",1,3,1
857,"(129.0, 422.0)",0,4,0
858,"(109.0, 422.0)",0,4,0
859,"(150.0, 422.0)",0,0,0
860,"(151.0, 422.0)",0,0,0
861,"(129.0, 421.0)",0,4,0
862,"(128.0, 422.0)",0,4,0
863,"(91.0, 402.0)",0,4,0
864,"(89.0, 401.0)",0,4,0
865,"(90.0, 401.0)",0,4,0
866,"(70.0, 422.0)",0,4,0
867,"(69.0, 423.0)",0,4,0
868,"(68.0, 422.0)",0,4,0
869,"(69.0, 422.0)",0,4,0
870,"(234.0, 442.0)",0,0,0
871,"(295.0, 381.0)",1,0,1
872,"(396.0, 359.0)",1,3,1
872,"(728.0, 504.0)",2,2,4
873,"(727.0, 505.0)",2,2,4
874,"(728.0, 505.0)",2,2,4
875,"(747.0, 505.0)",2,2,4
876,"(729.0, 505.0)",2,2,4
877,"(190.0, 380.0)",0,0,0
878,"(150.0, 401.0)",0,0,0
879,"(131.0, 421.0)",0,4,0
880,"(130.0, 422.0)",0,4,0
881,"(132.0, 443.0)",0,4,0
882,"(128.0, 443.0)",0,4,0
883,"(104.0, 441.0)",0,4,0
884,"(89.0, 438.0)",0,4,0
885,"(89.0, 441.0)",0,4,0
886,"(89.0, 441.0)",0,4,0
887,"(89.0, 441.0)",0,4,0
888,"(108.0, 441.0)",0,4,0
889,"(440.0, 340.0)",1,3,1
890,"(440.0, 340.0)",1,3,1
891,"(439.0, 340.0)",1,3,1
892,"(746.0, 505.0)",2,2,4
893,"(746.0, 505.0)",2,2,4
894,"(731.0, 505.0)",2,2,4
894,"(339.0, 359.0)",1,3,1
895,"(213.0, 380.0)",0,0,0
896,"(149.0, 381.0)",0,0,0
897,"(125.0, 382.0)",0,0,0
898,"(90.0, 400.0)",0,4,0
899,"(105.0, 401.0)",0,4,0
900,"(89.0, 415.0)",0,4,0
901,"(87.0, 402.0)",0,4,0
902,"(439.0, 340.0)",1,3,1
903,"(439.0, 340.0)",1,3,1
904,"(130.0, 441.0)",0,4,0
905,"(130.0, 441.0)",0,4,0
906,"(90.0, 422.0)",0,4,0
907,"(111.0, 440.0)",0,4,0
908,"(128.0, 442.0)",0,4,0
909,"(151.0, 443.0)",0,0,0
910,"(150.0, 442.0)",0,0,0
911,"(130.0, 422.0)",0,4,0
912,"(728.0, 503.0)",2,2,4
913,"(739.0, 504.0)",2,2,4
914,"(728.0, 504.0)",2,2,4
915,"(728.0, 504.0)",2,2,4
916,"(378.0, 340.0)",1,3,1
917,"(399.0, 340.0)",1,3,1
918,"(109.0, 401.0)",0,4,0
919,"(109.0, 402.0)",0,4,0
920,"(91.0, 402.0)",0,4,0
921,"(89.0, 421.0)",0,4,0
922,"(440.0, 340.0)",1,3,1
923,"(440.0, 340.0)",1,3,1
924,"(440.0, 340.0)",1,3,1
925,"(111.0, 422.0)",0,4,0
926,"(109.0, 422.0)",0,4,0
927,"(90.0, 423.0)",0,4,0
928,"(109.0, 422.0)",0,4,0
929,"(128.0, 441.0)",0,4,0
930,"(123.0, 422.0)",0,4,0
931,"(112.0, 422.0)",0,4,0
932,"(130.0, 442.0)",0,4,0
933,"(151.0, 443.0)",0,0,0
934,"(171.0, 444.0)",0,0,0
935,"(397.0, 340.0)",1,3,1
936,"(378.0, 340.0)",1,3,1
937,"(172.0, 401.0)",0,0,0
938,"(376.0, 340.0)",1,3,1
939,"(396.0, 340.0)",1,3,1
940,"(110.0, 401.0)",0,4,0
940,"(419.0, 339.0)",1,3,1
941,"(108.0, 402.0)",0,4,0
942,"(109.0, 421.0)",0,4,0
943,"(108.0, 402.0)",0,4,0
944,"(131.0, 421.0)",0,4,0
945,"(130.0, 419.0)",0,4,0
946,"(131.0, 422.0)",0,4,0
947,"(131.0, 421.0)",0,4,0
948,"(107.0, 402.0)",0,4,0
949,"(355.0, 340.0)",1,3,1
949,"(91.0, 401.0)",0,4,0
950,"(1138.0, 525.0)",5,6,-1
951,"(102.0, 402.0)",0,4,0
952,"(108.0, 422.0)",0,4,0
953,"(129.0, 422.0)",0,4,0
954,"(150.0, 440.0)",0,0,0
955,"(130.0, 424.0)",0,4,0
956,"(132.0, 422.0)",0,4,0
957,"(131.0, 422.0)",0,4,0
958,"(130.0, 420.0)",0,4,0
959,"(434.0, 340.0)",1,3,1
960,"(439.0, 340.0)",1,3,1
961,"(441.0, 341.0)",1,3,1
962,"(172.0, 401.0)",0,0,0
962,"(439.0, 341.0)",1,3,1
963,"(232.0, 382.0)",0,0,0
964,"(232.0, 381.0)",0,0,0
965,"(169.0, 420.0)",0,0,0
966,"(89.0, 422.0)",0,4,0
967,"(68.0, 422.0)",0,4,0
968,"(83.0, 422.0)",0,4,0
969,"(91.0, 421.0)",0,4,0
970,"(85.0, 381.0)",0,0,0
971,"(110.0, 381.0)",0,0,0
972,"(109.0, 401.0)",0,4,0
973,"(108.0, 419.0)",0,4,0
974,"(110.0, 421.0)",0,4,0
975,"(110.0, 422.0)",0,4,0
976,"(110.0, 421.0)",0,4,0
977,"(110.0, 421.0)",0,4,0
978,"(110.0, 421.0)",0,4,0
979,"(110.0, 421.0)",0,4,0
980,"(111.0, 403.0)",0,4,0
981,"(128.0, 401.0)",0,4,0
982,"(110.0, 402.0)",0,4,0
983,"(109.0, 406.0)",0,4,0
984,"(91.0, 419.0)",0,4,0
985,"(69.0, 405.0)",0,4,0
986,"(355.0, 340.0)",1,3,1
987,"(1014.0, 360.0)",4,1,2
988,"(377.0, 340.0)",1,3,1
989,"(379.0, 340.0)",1,3,1
990,"(419.0, 340.0)",1,3,1
991,"(416.0, 340.0)",1,3,1
992,"(418.0, 340.0)",1,3,1
993,"(418.0, 340.0)",1,3,1
994,"(111.0, 420.0)",0,4,0
995,"(100.0, 422.0)",0,4,0
996,"(70.0, 422.0)",0,4,0
997,"(87.0, 422.0)",0,4,0
998,"(90.0, 421.0)",0,4,0
999,"(110.0, 421.0)",0,4,0
1000,"(171.0, 401.0)",0,0,0
1001,"(192.0, 381.0)",0,0,0
1002,"(460.0, 348.0)",1,3,1
1002,"(193.0, 381.0)",0,0,0
1003,"(213.0, 393.0)",0,0,0
1004,"(214.0, 399.0)",0,0,0
1005,"(130.0, 400.0)",0,4,0
1006,"(104.0, 400.0)",0,4,0
1007,"(89.0, 402.0)",0,4,0
1008,"(88.0, 402.0)",0,4,0
1009,"(90.0, 402.0)",0,4,0
1010,"(439.0, 340.0)",1,3,1
1011,"(440.0, 340.0)",1,3,1
1012,"(128.0, 423.0)",0,4,0
1013,"(89.0, 422.0)",0,4,0
1014,"(88.0, 422.0)",0,4,0
1015,"(88.0, 422.0)",0,4,0
1016,"(88.0, 422.0)",0,4,0
1017,"(107.0, 402.0)",0,4,0
1018,"(109.0, 403.0)",0,4,0
1019,"(151.0, 401.0)",0,0,0
1020,"(439.0, 354.0)",1,3,1
1021,"(1157.0, 525.0)",5,6,-1
1022,"(1139.0, 525.0)",5,6,-1
1023,"(233.0, 401.0)",0,0,0
1023,"(398.0, 359.0)",1,3,1
1024,"(1155.0, 525.0)",5,6,-1
1025,"(1139.0, 525.0)",5,6,-1
1026,"(145.0, 381.0)",0,0,0
1026,"(376.0, 359.0)",1,3,1
1027,"(1140.0, 525.0)",5,6,-1
1028,"(1139.0, 525.0)",5,6,-1
1029,"(69.0, 413.0)",0,4,0
1030,"(68.0, 421.0)",0,4,0
1031,"(68.0, 421.0)",0,4,0
1032,"(69.0, 422.0)",0,4,0
1033,"(88.0, 422.0)",0,4,0
1034,"(69.0, 421.0)",0,4,0
1035,"(130.0, 401.0)",0,4,0
1036,"(144.0, 401.0)",0,0,0
1037,"(130.0, 400.0)",0,4,0
1038,"(129.0, 402.0)",0,4,0
1039,"(113.0, 421.0)",0,4,0
1039,"(419.0, 359.0)",1,3,1
1040,"(130.0, 423.0)",0,4,0
1041,"(130.0, 427.0)",0,4,0
1042,"(130.0, 422.0)",0,4,0
1043,"(150.0, 421.0)",0,0,0
1044,"(170.0, 402.0)",0,0,0
1045,"(109.0, 401.0)",0,4,0
1046,"(89.0, 402.0)",0,4,0
1047,"(87.0, 402.0)",0,4,0
1048,"(69.0, 421.0)",0,4,0
1049,"(68.0, 422.0)",0,4,0
1050,"(69.0, 421.0)",0,4,0
1051,"(399.0, 341.0)",1,3,1
1051,"(108.0, 402.0)",0,4,0
1052,"(131.0, 418.0)",0,4,0
1053,"(151.0, 422.0)",0,0,0
1054,"(171.0, 420.0)",0,0,0
1055,"(173.0, 402.0)",0,0,0
1056,"(206.0, 361.0)",0,0,0
1057,"(213.0, 362.0)",0,0,0
1058,"(379.0, 359.0)",1,3,1
1059,"(399.0, 359.0)",1,3,1
1060,"(398.0, 359.0)",1,3,1
1061,"(89.0, 401.0)",0,4,0
1061,"(399.0, 346.0)",1,3,1
1062,"(88.0, 402.0)",0,4,0
1063,"(88.0, 402.0)",0,4,0
1064,"(69.0, 418.0)",0,4,0
1065,"(88.0, 402.0)",0,4,0
1066,"(129.0, 401.0)",0,4,0
1067,"(399.0, 345.0)",1,3,1
1068,"(398.0, 357.0)",1,3,1
1069,"(397.0, 359.0)",1,3,1
1070,"(108.0, 421.0)",0,4,0
1071,"(108.0, 421.0)",0,4,0
1072,"(109.0, 421.0)",0,4,0
1073,"(111.0, 419.0)",0,4,0
1074,"(128.0, 421.0)",0,4,0
1075,"(111.0, 421.0)",0,4,0
1076,"(129.0, 422.0)",0,4,0
1077,"(129.0, 422.0)",0,4,0
1078,"(88.0, 421.0)",0,4,0
1079,"(70.0, 421.0)",0,4,0
1080,"(69.0, 422.0)",0,4,0
1081,"(69.0, 422.0)",0,4,0
1082,"(69.0, 422.0)",0,4,0
1083,"(87.0, 406.0)",0,4,0
1084,"(110.0, 402.0)",0,4,0
1085,"(131.0, 402.0)",0,4,0
1086,"(129.0, 381.0)",0,0,0
1087,"(110.0, 380.0)",0,0,0
1088,"(378.0, 353.0)",1,3,1
1089,"(379.0, 360.0)",1,3,1
1090,"(377.0, 341.0)",1,3,1
1091,"(397.0, 359.0)",1,3,1
1092,"(164.0, 381.0)",0,0,0
1093,"(139.0, 402.0)",0,0,0
1094,"(108.0, 421.0)",0,4,0
1095,"(70.0, 422.0)",0,4,0
1096,"(69.0, 422.0)",0,4,0
1097,"(69.0, 422.0)",0,4,0
1098,"(68.0, 422.0)",0,4,0
1099,"(89.0, 421.0)",0,4,0
1100,"(398.0, 340.0)",1,3,1
1101,"(378.0, 359.0)",1,3,1
1102,"(336.0, 357.0)",1,3,1
1103,"(234.0, 442.0)",0,0,0
1104,"(234.0, 442.0)",0,0,0
1105,"(233.0, 442.0)",0,0,0
1106,"(1118.0, 525.0)",5,6,-1
1106,"(131.0, 402.0)",0,4,0
1107,"(729.0, 464.0)",2,2,4
1108,"(729.0, 504.0)",2,2,4
1109,"(728.0, 503.0)",2,2,4
1110,"(728.0, 504.0)",2,2,4
1111,"(729.0, 504.0)",2,2,4
1112,"(109.0, 402.0)",0,4,0
1113,"(89.0, 422.0)",0,4,0
1114,"(70.0, 421.0)",0,4,0
1115,"(88.0, 422.0)",0,4,0
1116,"(1159.0, 525.0)",5,6,-1
1117,"(89.0, 422.0)",0,4,0
1117,"(1147.0, 525.0)",5,6,-1
1118,"(94.0, 421.0)",0,4,0
1119,"(1152.0, 525.0)",5,6,-1
1120,"(89.0, 422.0)",0,4,0
1121,"(89.0, 422.0)",0,4,0
1122,"(88.0, 423.0)",0,4,0
1123,"(109.0, 423.0)",0,4,0
1124,"(70.0, 423.0)",0,4,0
1125,"(1140.0, 525.0)",5,6,-1
1126,"(728.0, 504.0)",2,2,4
1127,"(728.0, 504.0)",2,2,4
1128,"(728.0, 504.0)",2,2,4
1129,"(728.0, 504.0)",2,2,4
1130,"(88.0, 422.0)",0,4,0
1131,"(88.0, 442.0)",0,4,0
1132,"(84.0, 422.0)",0,4,0
1133,"(70.0, 422.0)",0,4,0
1134,"(93.0, 402.0)",0,4,0
1135,"(397.0, 341.0)",1,3,1
1136,"(398.0, 355.0)",1,3,1
1137,"(399.0, 358.0)",1,3,1
1138,"(417.0, 341.0)",1,3,1
1139,"(418.0, 358.0)",1,3,1
1140,"(419.0, 359.0)",1,3,1
1141,"(728.0, 503.0)",2,2,4
1142,"(729.0, 503.0)",2,2,4
1143,"(745.0, 504.0)",2,2,4
1144,"(747.0, 504.0)",2,2,4
1145,"(747.0, 504.0)",2,2,4
1146,"(748.0, 482.0)",2,2,4
1147,"(88.0, 402.0)",0,4,0
1148,"(67.0, 422.0)",0,4,0
1149,"(69.0, 422.0)",0,4,0
1150,"(65.0, 422.0)",0,4,0
1151,"(67.0, 422.0)",0,4,0
1152,"(89.0, 422.0)",0,4,0
1153,"(356.0, 346.0)",1,3,1
1154,"(728.0, 484.0)",2,2,4
1155,"(728.0, 504.0)",2,2,4
1156,"(731.0, 504.0)",2,2,4
1157,"(728.0, 504.0)",2,2,4
1158,"(728.0, 504.0)",2,2,4
1159,"(418.0, 358.0)",1,3,1
1160,"(419.0, 359.0)",1,3,1
1161,"(401.0, 360.0)",1,3,1
1162,"(273.0, 360.0)",0,0,-1
1163,"(831.0, 360.0)",3,1,-1
1164,"(817.0, 360.0)",3,1,3
1165,"(69.0, 422.0)",0,4,0
1166,"(69.0, 423.0)",0,4,0
1167,"(69.0, 422.0)",0,4,0
1168,"(748.0, 484.0)",2,2,4
1169,"(728.0, 504.0)",2,2,4
1170,"(728.0, 504.0)",2,2,4
1171,"(746.0, 504.0)",2,2,4
1172,"(747.0, 484.0)",2,2,4
1173,"(337.0, 357.0)",1,3,1
1174,"(334.0, 359.0)",1,3,1
1175,"(336.0, 358.0)",1,3,1
1176,"(397.0, 360.0)",1,3,1
1177,"(410.0, 359.0)",1,3,1
1178,"(418.0, 359.0)",1,3,1
1179,"(438.0, 340.0)",1,3,1
1180,"(415.0, 359.0)",1,3,1
1181,"(726.0, 504.0)",2,2,4
1182,"(708.0, 504.0)",2,2,4
1183,"(708.0, 504.0)",2,2,4
1184,"(721.0, 504.0)",2,2,4
1185,"(727.0, 504.0)",2,2,4
1186,"(69.0, 422.0)",0,4,0
1187,"(69.0, 422.0)",0,4,0
1188,"(88.0, 422.0)",0,4,0
1189,"(561.0, 359.0)",1,3,1
1190,"(543.0, 359.0)",1,3,1
1191,"(397.0, 360.0)",1,3,1
1191,"(789.0, 360.0)",3,1,3
1192,"(336.0, 360.0)",1,3,1
1193,"(318.0, 359.0)",1,3,1
1194,"(377.0, 359.0)",1,3,1
1195,"(743.0, 485.0)",2,2,4
1195,"(397.0, 359.0)",1,3,1
1196,"(728.0, 503.0)",2,2,4
1197,"(728.0, 503.0)",2,2,4
1198,"(729.0, 505.0)",2,2,4
1199,"(729.0, 504.0)",2,2,4
1200,"(85.0, 422.0)",0,4,0
1201,"(67.0, 422.0)",0,4,0
1202,"(68.0, 422.0)",0,4,0
1203,"(70.0, 410.0)",0,4,0
1204,"(810.0, 360.0)",3,1,3
1205,"(804.0, 360.0)",3,1,3
1206,"(788.0, 359.0)",3,1,3
1207,"(749.0, 360.0)",3,1,3
1208,"(707.0, 484.0)",2,2,4
1208,"(316.0, 360.0)",1,3,1
1209,"(708.0, 504.0)",2,2,4
1210,"(714.0, 504.0)",2,2,4
1211,"(709.0, 504.0)",2,2,4
1212,"(727.0, 504.0)",2,2,4
1213,"(418.0, 358.0)",1,3,1
1214,"(69.0, 402.0)",0,4,0
1215,"(69.0, 421.0)",0,4,0
1216,"(70.0, 422.0)",0,4,0
1217,"(70.0, 422.0)",0,4,0
1218,"(768.0, 359.0)",3,1,3
1219,"(767.0, 360.0)",3,1,3
1220,"(769.0, 360.0)",3,1,3
1221,"(1139.0, 524.0)",5,6,-1
1222,"(747.0, 464.0)",2,2,4
1223,"(747.0, 485.0)",2,2,4
1224,"(728.0, 504.0)",2,2,4
1225,"(737.0, 504.0)",2,2,4
1226,"(729.0, 504.0)",2,2,4
1227,"(1140.0, 523.0)",5,6,-1
1228,"(1141.0, 505.0)",5,6,-1
1229,"(69.0, 421.0)",0,4,0
1230,"(1145.0, 525.0)",5,6,-1
1231,"(1159.0, 524.0)",5,6,-1
1231,"(68.0, 401.0)",0,4,0
1232,"(69.0, 402.0)",0,4,0
1233,"(1140.0, 505.0)",5,6,-1
1234,"(69.0, 421.0)",0,4,0
1235,"(69.0, 421.0)",0,4,0
1236,"(1140.0, 521.0)",5,6,-1
1237,"(727.0, 483.0)",2,2,4
1238,"(729.0, 465.0)",2,2,4
1239,"(748.0, 462.0)",2,2,4
1240,"(728.0, 483.0)",2,2,4
1241,"(728.0, 483.0)",2,2,4
1242,"(501.0, 344.0)",1,3,1
1243,"(500.0, 358.0)",1,3,1
1244,"(481.0, 357.0)",1,3,1
1245,"(467.0, 360.0)",1,3,1
1246,"(460.0, 359.0)",1,3,1
1247,"(460.0, 359.0)",1,3,1
1248,"(68.0, 422.0)",0,4,0
1249,"(68.0, 422.0)",0,4,0
1250,"(68.0, 422.0)",0,4,0
1251,"(69.0, 422.0)",0,4,0
1252,"(88.0, 421.0)",0,4,0
1253,"(687.0, 505.0)",2,2,4
1254,"(686.0, 505.0)",2,2,4
1255,"(687.0, 485.0)",2,2,4
1256,"(461.0, 359.0)",1,3,1
1257,"(461.0, 357.0)",1,3,1
1258,"(500.0, 359.0)",1,3,1
1259,"(501.0, 359.0)",1,3,1
1260,"(501.0, 359.0)",1,3,1
1261,"(437.0, 341.0)",1,3,1
1262,"(417.0, 359.0)",1,3,1
1263,"(69.0, 422.0)",0,4,0
1263,"(399.0, 358.0)",1,3,1
1264,"(70.0, 422.0)",0,4,0
1265,"(70.0, 423.0)",0,4,0
1266,"(69.0, 422.0)",0,4,0
1267,"(69.0, 422.0)",0,4,0
1268,"(89.0, 402.0)",0,4,0
1269,"(749.0, 358.0)",3,1,3
1270,"(171.0, 364.0)",0,0,0
1271,"(172.0, 360.0)",0,0,0
1272,"(500.0, 360.0)",1,3,1
1273,"(500.0, 359.0)",1,3,1
1274,"(502.0, 356.0)",1,3,1
1275,"(520.0, 359.0)",1,3,1
1276,"(503.0, 359.0)",1,3,1
1277,"(481.0, 355.0)",1,3,1
1278,"(192.0, 442.0)",0,0,0
1279,"(441.0, 357.0)",1,3,1
1280,"(728.0, 360.0)",3,1,3
1281,"(728.0, 359.0)",3,1,3
1282,"(768.0, 360.0)",3,1,3
1283,"(830.0, 360.0)",3,1,-1
1284,"(69.0, 401.0)",0,4,0
1285,"(69.0, 402.0)",0,4,0
1286,"(91.0, 402.0)",0,4,0
1287,"(89.0, 421.0)",0,4,0
1288,"(522.0, 340.0)",1,3,1
1289,"(502.0, 341.0)",1,3,1
1290,"(748.0, 360.0)",3,1,3
1291,"(749.0, 360.0)",3,1,3
1292,"(749.0, 359.0)",3,1,3
1293,"(767.0, 359.0)",3,1,3
1294,"(747.0, 360.0)",3,1,3
1295,"(191.0, 420.0)",0,0,0
1296,"(148.0, 422.0)",0,0,0
1297,"(151.0, 423.0)",0,0,0
1298,"(91.0, 422.0)",0,4,0
1299,"(88.0, 422.0)",0,4,0
1300,"(70.0, 421.0)",0,4,0
1301,"(1158.0, 523.0)",5,6,-1
1302,"(522.0, 357.0)",1,3,1
1302,"(68.0, 401.0)",0,4,0
1303,"(68.0, 403.0)",0,4,0
1304,"(1159.0, 524.0)",5,6,-1
1305,"(69.0, 422.0)",0,4,0
1306,"(111.0, 421.0)",0,4,0
1306,"(459.0, 359.0)",1,3,1
1307,"(458.0, 359.0)",1,3,1
1308,"(1141.0, 525.0)",5,6,-1
1309,"(747.0, 359.0)",3,1,3
1310,"(748.0, 360.0)",3,1,3
1311,"(501.0, 359.0)",1,3,1
1312,"(521.0, 341.0)",1,3,1
1313,"(521.0, 340.0)",1,3,1
1314,"(522.0, 342.0)",1,3,1
1315,"(522.0, 344.0)",1,3,1
1316,"(1140.0, 524.0)",5,6,-1
1317,"(151.0, 421.0)",0,0,0
1318,"(108.0, 402.0)",0,4,0
1319,"(69.0, 402.0)",0,4,0
1320,"(67.0, 422.0)",0,4,0
1321,"(65.0, 422.0)",0,4,0
1322,"(68.0, 422.0)",0,4,0
1323,"(108.0, 402.0)",0,4,0
1324,"(152.0, 381.0)",0,0,0
1325,"(768.0, 359.0)",3,1,3
1326,"(212.0, 442.0)",0,0,0
1327,"(213.0, 462.0)",0,0,0
1328,"(191.0, 445.0)",0,0,0
1329,"(192.0, 463.0)",0,0,0
1330,"(746.0, 360.0)",3,1,3
1331,"(130.0, 400.0)",0,4,0
1332,"(460.0, 359.0)",1,3,1
1333,"(460.0, 359.0)",1,3,1
1334,"(501.0, 359.0)",1,3,1
1335,"(93.0, 381.0)",0,0,0
1336,"(88.0, 401.0)",0,4,0
1337,"(70.0, 414.0)",0,4,0
1338,"(71.0, 422.0)",0,4,0
1339,"(68.0, 422.0)",0,4,0
1340,"(68.0, 422.0)",0,4,0
1340,"(501.0, 357.0)",1,3,1
1341,"(932.0, 360.0)",4,1,2
1341,"(501.0, 360.0)",1,3,1
1342,"(913.0, 360.0)",3,1,-1
1342,"(480.0, 355.0)",1,3,1
1343,"(170.0, 442.0)",0,0,0
1344,"(171.0, 442.0)",0,0,0
1345,"(172.0, 443.0)",0,0,0
1346,"(191.0, 443.0)",0,0,0
1347,"(193.0, 441.0)",0,0,0
1348,"(212.0, 422.0)",0,0,0
1349,"(213.0, 401.0)",0,0,0
1350,"(130.0, 401.0)",0,4,0
1351,"(108.0, 381.0)",0,0,0
1351,"(973.0, 360.0)",4,1,2
1352,"(521.0, 360.0)",1,3,1
1353,"(482.0, 356.0)",1,3,1
1354,"(481.0, 359.0)",1,3,1
1355,"(479.0, 341.0)",1,3,1
1356,"(479.0, 359.0)",1,3,1
1357,"(479.0, 359.0)",1,3,1
1358,"(483.0, 359.0)",1,3,1
1359,"(951.0, 360.0)",4,1,2
1360,"(953.0, 360.0)",4,1,2
1361,"(938.0, 360.0)",4,1,2
1362,"(212.0, 441.0)",0,0,0
1363,"(170.0, 423.0)",0,0,0
1364,"(130.0, 421.0)",0,4,0
1365,"(151.0, 423.0)",0,0,0
1366,"(170.0, 441.0)",0,0,0
1367,"(191.0, 423.0)",0,0,0
1368,"(192.0, 422.0)",0,0,0
1369,"(727.0, 462.0)",2,2,4
1370,"(727.0, 484.0)",2,2,4
1371,"(727.0, 503.0)",2,2,4
1372,"(725.0, 504.0)",2,2,4
1373,"(707.0, 505.0)",2,2,4
1374,"(399.0, 359.0)",1,3,1
1375,"(68.0, 422.0)",0,4,0
1376,"(68.0, 422.0)",0,4,0
1377,"(85.0, 422.0)",0,4,0
1378,"(129.0, 422.0)",0,4,0
1379,"(210.0, 422.0)",0,0,0
1380,"(190.0, 422.0)",0,0,0
1381,"(522.0, 359.0)",1,3,1
1382,"(521.0, 359.0)",1,3,1
1383,"(149.0, 402.0)",0,0,0
1384,"(150.0, 421.0)",0,0,0
1385,"(152.0, 442.0)",0,0,0
1386,"(192.0, 463.0)",0,0,0
1387,"(192.0, 463.0)",0,0,0
1388,"(192.0, 463.0)",0,0,0
1389,"(687.0, 504.0)",2,2,4
1389,"(154.0, 443.0)",0,0,0
1390,"(439.0, 358.0)",1,3,1
1391,"(417.0, 360.0)",1,3,1
1392,"(419.0, 360.0)",1,3,1
1393,"(419.0, 359.0)",1,3,1
1394,"(461.0, 360.0)",1,3,1
1395,"(503.0, 359.0)",1,3,1
1395,"(68.0, 422.0)",0,4,0
1396,"(88.0, 442.0)",0,4,0
1397,"(67.0, 422.0)",0,4,0
1398,"(87.0, 422.0)",0,4,0
1399,"(728.0, 495.0)",2,2,4
1400,"(728.0, 504.0)",2,2,4
1401,"(728.0, 491.0)",2,2,4
1402,"(728.0, 504.0)",2,2,4
1403,"(213.0, 403.0)",0,0,0
1404,"(214.0, 400.0)",0,0,0
1405,"(213.0, 402.0)",0,0,0
1406,"(214.0, 442.0)",0,0,0
1407,"(213.0, 462.0)",0,0,0
1408,"(913.0, 360.0)",3,1,-1
1409,"(914.0, 360.0)",3,1,-1
1410,"(89.0, 422.0)",0,4,0
1411,"(68.0, 422.0)",0,4,0
1412,"(68.0, 422.0)",0,4,0
1413,"(67.0, 423.0)",0,4,0
1414,"(68.0, 422.0)",0,4,0
1415,"(69.0, 419.0)",0,4,0
1416,"(728.0, 503.0)",2,2,4
1417,"(728.0, 502.0)",2,2,4
1418,"(728.0, 504.0)",2,2,4
1419,"(730.0, 504.0)",2,2,4
1420,"(728.0, 503.0)",2,2,4
1421,"(232.0, 462.0)",0,0,0
1422,"(233.0, 462.0)",0,0,0
1423,"(233.0, 462.0)",0,0,0
1424,"(212.0, 443.0)",0,0,0
1425,"(213.0, 422.0)",0,0,0
1426,"(416.0, 360.0)",1,3,1
1427,"(438.0, 360.0)",1,3,1
1428,"(71.0, 422.0)",0,4,0
1429,"(68.0, 422.0)",0,4,0
1430,"(68.0, 422.0)",0,4,0
1431,"(69.0, 422.0)",0,4,0
1432,"(68.0, 402.0)",0,4,0
1433,"(972.0, 360.0)",4,1,2
1434,"(969.0, 361.0)",4,1,2
1435,"(743.0, 504.0)",2,2,4
1436,"(747.0, 504.0)",2,2,4
1437,"(747.0, 504.0)",2,2,4
1438,"(295.0, 379.0)",1,0,1
1439,"(331.0, 361.0)",1,3,1
1440,"(214.0, 443.0)",0,0,0
1441,"(190.0, 443.0)",0,0,0
1442,"(130.0, 421.0)",0,4,0
1443,"(90.0, 402.0)",0,4,0
1444,"(88.0, 420.0)",0,4,0
1445,"(80.0, 422.0)",0,4,0
1446,"(69.0, 422.0)",0,4,0
1447,"(88.0, 422.0)",0,4,0
1448,"(130.0, 422.0)",0,4,0
1449,"(336.0, 360.0)",1,3,1
1450,"(461.0, 359.0)",1,3,1
1451,"(481.0, 358.0)",1,3,1
1452,"(973.0, 361.0)",4,1,2
1453,"(728.0, 503.0)",2,2,4
1454,"(728.0, 504.0)",2,2,4
1455,"(730.0, 504.0)",2,2,4
1456,"(109.0, 421.0)",0,4,0
1457,"(69.0, 422.0)",0,4,0
1458,"(274.0, 398.0)",0,0,-1
1459,"(213.0, 444.0)",0,0,0
1460,"(191.0, 445.0)",0,0,0
1461,"(170.0, 442.0)",0,0,0
1462,"(110.0, 401.0)",0,4,0
1463,"(108.0, 402.0)",0,4,0
1464,"(88.0, 422.0)",0,4,0
1465,"(69.0, 422.0)",0,4,0
1466,"(70.0, 423.0)",0,4,0
1467,"(69.0, 423.0)",0,4,0
1468,"(109.0, 423.0)",0,4,0
1469,"(106.0, 440.0)",0,4,0
1470,"(108.0, 442.0)",0,4,0
1471,"(503.0, 359.0)",1,3,1
1472,"(728.0, 504.0)",2,2,4
1473,"(729.0, 504.0)",2,2,4
1474,"(728.0, 504.0)",2,2,4
1475,"(729.0, 504.0)",2,2,4
1476,"(747.0, 505.0)",2,2,4
1477,"(973.0, 361.0)",4,1,2
1478,"(294.0, 361.0)",1,3,1
1479,"(68.0, 416.0)",0,4,0
1480,"(67.0, 422.0)",0,4,0
1481,"(88.0, 421.0)",0,4,0
1482,"(87.0, 422.0)",0,4,0
1483,"(87.0, 422.0)",0,4,0
1484,"(111.0, 442.0)",0,4,0
1485,"(134.0, 442.0)",0,4,0
1486,"(193.0, 461.0)",0,0,0
1487,"(481.0, 359.0)",1,3,1
1488,"(480.0, 360.0)",1,3,1
1489,"(480.0, 360.0)",1,3,1
1490,"(478.0, 360.0)",1,3,1
1491,"(460.0, 359.0)",1,3,1
1491,"(130.0, 401.0)",0,4,0
1491,"(747.0, 504.0)",2,2,4
1492,"(747.0, 505.0)",2,2,4
1493,"(747.0, 505.0)",2,2,4
1494,"(746.0, 505.0)",2,2,4
1495,"(105.0, 423.0)",0,4,0
1495,"(995.0, 361.0)",4,1,2
1495,"(748.0, 505.0)",2,2,4
1496,"(89.0, 425.0)",0,4,0
1497,"(68.0, 422.0)",0,4,0
1498,"(67.0, 422.0)",0,4,0
1499,"(67.0, 422.0)",0,4,0
1500,"(66.0, 422.0)",0,4,0
1501,"(67.0, 422.0)",0,4,0
1502,"(68.0, 422.0)",0,4,0
1503,"(70.0, 421.0)",0,4,0
1504,"(377.0, 360.0)",1,3,1
1504,"(157.0, 435.0)",0,0,0
1505,"(191.0, 442.0)",0,0,0
1506,"(233.0, 442.0)",0,0,0
1507,"(232.0, 442.0)",0,0,0
1508,"(213.0, 443.0)",0,0,0
1509,"(213.0, 443.0)",0,0,0
1510,"(729.0, 504.0)",2,2,4
1511,"(745.0, 504.0)",2,2,4
1512,"(747.0, 504.0)",2,2,4
1513,"(746.0, 505.0)",2,2,4
1514,"(69.0, 422.0)",0,4,0
1515,"(69.0, 422.0)",0,4,0
1516,"(68.0, 423.0)",0,4,0
1517,"(68.0, 423.0)",0,4,0
1518,"(68.0, 422.0)",0,4,0
1519,"(69.0, 422.0)",0,4,0
1520,"(460.0, 360.0)",1,3,1
1521,"(338.0, 360.0)",1,3,1
1522,"(311.0, 360.0)",1,3,1
1523,"(337.0, 361.0)",1,3,1
1524,"(374.0, 360.0)",1,3,1
1525,"(379.0, 360.0)",1,3,1
1526,"(376.0, 360.0)",1,3,1
1527,"(767.0, 503.0)",2,2,4
1527,"(171.0, 402.0)",0,0,0
1528,"(749.0, 486.0)",2,2,4
1529,"(747.0, 504.0)",2,2,4
1530,"(748.0, 504.0)",2,2,4
1531,"(748.0, 507.0)",2,2,4
1532,"(69.0, 422.0)",0,4,0
1533,"(69.0, 422.0)",0,4,0
1534,"(69.0, 422.0)",0,4,0
1535,"(68.0, 422.0)",0,4,0
1536,"(70.0, 422.0)",0,4,0
1537,"(108.0, 402.0)",0,4,0
1538,"(253.0, 379.0)",0,0,-1
1539,"(255.0, 380.0)",0,0,-1
1540,"(830.0, 524.0)",2,2,-1
1541,"(811.0, 525.0)",2,2,4
1542,"(811.0, 525.0)",2,2,4
1543,"(356.0, 360.0)",1,3,1
1544,"(357.0, 360.0)",1,3,1
1545,"(372.0, 360.0)",1,3,1
1546,"(379.0, 360.0)",1,3,1
1547,"(748.0, 504.0)",2,2,4
1548,"(107.0, 422.0)",0,4,0
1549,"(90.0, 442.0)",0,4,0
1550,"(88.0, 423.0)",0,4,0
1551,"(88.0, 422.0)",0,4,0
1552,"(89.0, 422.0)",0,4,0
1553,"(69.0, 422.0)",0,4,0
1554,"(69.0, 422.0)",0,4,0
1555,"(69.0, 422.0)",0,4,0
1556,"(69.0, 422.0)",0,4,0
1557,"(812.0, 525.0)",2,2,4
1558,"(824.0, 525.0)",2,2,-1
1559,"(830.0, 524.0)",2,2,-1
1560,"(973.0, 360.0)",4,1,2
1561,"(955.0, 361.0)",4,1,2
1562,"(973.0, 360.0)",4,1,2
1563,"(973.0, 361.0)",4,1,2
1564,"(318.0, 360.0)",1,3,1
1565,"(88.0, 421.0)",0,4,0
1565,"(748.0, 503.0)",2,2,4
1566,"(69.0, 422.0)",0,4,0
1567,"(729.0, 505.0)",2,2,4
1567,"(69.0, 422.0)",0,4,0
1568,"(744.0, 505.0)",2,2,4
1569,"(419.0, 341.0)",1,3,1
1570,"(418.0, 359.0)",1,3,1
1571,"(420.0, 358.0)",1,3,1
1572,"(397.0, 360.0)",1,3,1
1572,"(129.0, 422.0)",0,4,0
1573,"(110.0, 442.0)",0,4,0
1574,"(105.0, 442.0)",0,4,0
1575,"(69.0, 422.0)",0,4,0
1576,"(89.0, 422.0)",0,4,0
1577,"(111.0, 422.0)",0,4,0
1578,"(133.0, 421.0)",0,4,0
1579,"(417.0, 359.0)",1,3,1
1579,"(917.0, 360.0)",3,1,-1
1580,"(416.0, 359.0)",1,3,1
1581,"(418.0, 360.0)",1,3,1
1582,"(751.0, 504.0)",2,2,4
1583,"(748.0, 505.0)",2,2,4
1584,"(729.0, 505.0)",2,2,4
1585,"(747.0, 505.0)",2,2,4
1585,"(88.0, 441.0)",0,4,0
1586,"(729.0, 505.0)",2,2,4
1587,"(955.0, 361.0)",4,1,2
1588,"(955.0, 360.0)",4,1,2
1589,"(893.0, 361.0)",3,1,-1
1590,"(892.0, 360.0)",3,1,-1
1590,"(213.0, 379.0)",0,0,0
1591,"(213.0, 381.0)",0,0,0
1592,"(189.0, 422.0)",0,0,0
1593,"(171.0, 443.0)",0,0,0
1594,"(210.0, 443.0)",0,0,0
1595,"(193.0, 462.0)",0,0,0
1596,"(183.0, 462.0)",0,0,0
1597,"(130.0, 443.0)",0,4,0
1598,"(234.0, 464.0)",0,0,0
1599,"(87.0, 442.0)",0,4,0
1600,"(50.0, 432.0)",0,4,0
1601,"(67.0, 442.0)",0,4,0
1602,"(49.0, 442.0)",0,4,0
1603,"(747.0, 505.0)",2,2,4
1604,"(747.0, 506.0)",2,2,4
1605,"(211.0, 381.0)",0,0,0
1606,"(995.0, 361.0)",4,1,2
1607,"(975.0, 361.0)",4,1,2
1608,"(975.0, 360.0)",4,1,2
1609,"(812.0, 525.0)",2,2,4
1609,"(460.0, 360.0)",1,3,1
1610,"(830.0, 525.0)",2,2,-1
1611,"(851.0, 360.0)",3,1,-1
1612,"(851.0, 360.0)",3,1,-1
1613,"(459.0, 359.0)",1,3,1
1614,"(160.0, 443.0)",0,0,0
1615,"(108.0, 442.0)",0,4,0
1616,"(111.0, 443.0)",0,4,0
1617,"(130.0, 429.0)",0,4,0
1618,"(203.0, 442.0)",0,0,0
1619,"(160.0, 443.0)",0,0,0
1620,"(171.0, 443.0)",0,0,0
1621,"(747.0, 505.0)",2,2,4
1622,"(749.0, 505.0)",2,2,4
1623,"(788.0, 506.0)",2,2,4
1624,"(439.0, 360.0)",1,3,1
1625,"(440.0, 360.0)",1,3,1
1626,"(438.0, 360.0)",1,3,1
1627,"(440.0, 360.0)",1,3,1
1628,"(995.0, 360.0)",4,1,2
1629,"(995.0, 360.0)",4,1,2
1630,"(171.0, 421.0)",0,0,0
1631,"(171.0, 421.0)",0,0,0
1632,"(131.0, 422.0)",0,4,0
1633,"(105.0, 422.0)",0,4,0
1634,"(69.0, 429.0)",0,4,0
1635,"(80.0, 437.0)",0,4,0
1636,"(254.0, 463.0)",0,0,0
1637,"(234.0, 463.0)",0,0,0
1637,"(79.0, 441.0)",0,4,0
1638,"(273.0, 462.0)",0,0,-1
1639,"(274.0, 462.0)",0,0,-1
1640,"(233.0, 463.0)",0,0,0
1640,"(69.0, 439.0)",0,4,0
1641,"(129.0, 444.0)",0,4,0
1642,"(151.0, 462.0)",0,0,0
1643,"(151.0, 463.0)",0,0,0
1644,"(172.0, 462.0)",0,0,0
1645,"(193.0, 444.0)",0,0,0
1646,"(213.0, 441.0)",0,0,0
1647,"(213.0, 421.0)",0,0,0
1648,"(336.0, 360.0)",1,3,1
1649,"(109.0, 442.0)",0,4,0
1650,"(89.0, 442.0)",0,4,0
1651,"(747.0, 505.0)",2,2,4
1652,"(769.0, 523.0)",2,2,4
1653,"(768.0, 524.0)",2,2,4
1654,"(769.0, 523.0)",2,2,4
1655,"(788.0, 521.0)",2,2,4
1656,"(790.0, 525.0)",2,2,4
1657,"(790.0, 524.0)",2,2,4
1657,"(89.0, 430.0)",0,4,0
1658,"(188.0, 420.0)",0,0,0
1659,"(254.0, 421.0)",0,0,0
1660,"(150.0, 421.0)",0,0,0
1661,"(151.0, 422.0)",0,0,0
1662,"(130.0, 442.0)",0,4,0
1663,"(129.0, 443.0)",0,4,0
1663,"(419.0, 360.0)",1,3,1
1664,"(459.0, 360.0)",1,3,1
1665,"(459.0, 360.0)",1,3,1
1666,"(213.0, 462.0)",0,0,0
1667,"(213.0, 463.0)",0,0,0
1668,"(193.0, 463.0)",0,0,0
1669,"(150.0, 462.0)",0,0,0
1670,"(110.0, 443.0)",0,4,0
1671,"(748.0, 508.0)",2,2,4
1672,"(789.0, 525.0)",2,2,4
1673,"(806.0, 525.0)",2,2,4
1674,"(809.0, 525.0)",2,2,4
1674,"(988.0, 360.0)",4,1,2
1675,"(954.0, 360.0)",4,1,2
1676,"(912.0, 360.0)",3,1,-1
1677,"(851.0, 360.0)",3,1,-1
1678,"(335.0, 462.0)",1,0,-1
1679,"(337.0, 421.0)",1,0,-1
1680,"(376.0, 380.0)",1,3,1
1681,"(378.0, 378.0)",1,3,1
1682,"(398.0, 361.0)",1,3,1
1683,"(399.0, 361.0)",1,3,1
1683,"(69.0, 430.0)",0,4,0
1684,"(88.0, 442.0)",0,4,0
1685,"(69.0, 442.0)",0,4,0
1686,"(68.0, 442.0)",0,4,0
1687,"(72.0, 442.0)",0,4,0
1688,"(88.0, 422.0)",0,4,0
1689,"(438.0, 360.0)",1,3,1
1690,"(363.0, 361.0)",1,3,1
1691,"(317.0, 380.0)",1,0,1
1692,"(232.0, 442.0)",0,0,0
1692,"(357.0, 360.0)",1,3,1
1693,"(213.0, 463.0)",0,0,0
1694,"(747.0, 505.0)",2,2,4
1695,"(748.0, 505.0)",2,2,4
1696,"(747.0, 505.0)",2,2,4
1697,"(748.0, 505.0)",2,2,4
1698,"(768.0, 524.0)",2,2,4
1699,"(305.0, 464.0)",1,0,-1
1700,"(89.0, 440.0)",0,4,0
1701,"(87.0, 442.0)",0,4,0
1702,"(89.0, 442.0)",0,4,0
1703,"(89.0, 441.0)",0,4,0
1704,"(89.0, 442.0)",0,4,0
1705,"(191.0, 462.0)",0,0,0
1706,"(233.0, 463.0)",0,0,0
1707,"(461.0, 359.0)",1,3,1
1708,"(461.0, 359.0)",1,3,1
1709,"(893.0, 361.0)",3,1,-1
1710,"(460.0, 360.0)",1,3,1
1711,"(460.0, 360.0)",1,3,1
1712,"(440.0, 359.0)",1,3,1
1713,"(439.0, 360.0)",1,3,1
1714,"(238.0, 464.0)",0,0,0
1715,"(273.0, 464.0)",0,0,-1
1716,"(231.0, 463.0)",0,0,0
1717,"(226.0, 463.0)",0,0,0
1718,"(731.0, 505.0)",2,2,4
1719,"(747.0, 505.0)",2,2,4
1720,"(748.0, 505.0)",2,2,4
1721,"(749.0, 505.0)",2,2,4
1722,"(421.0, 360.0)",1,3,1
1723,"(420.0, 360.0)",1,3,1
1724,"(438.0, 360.0)",1,3,1
1725,"(419.0, 360.0)",1,3,1
1726,"(106.0, 442.0)",0,4,0
1727,"(89.0, 442.0)",0,4,0
1728,"(145.0, 422.0)",0,4,0
1729,"(459.0, 360.0)",1,3,1
1729,"(192.0, 400.0)",0,0,0
1730,"(440.0, 359.0)",1,3,1
1731,"(459.0, 360.0)",1,3,1
1732,"(459.0, 360.0)",1,3,1
1733,"(253.0, 466.0)",0,0,0
1734,"(234.0, 465.0)",0,0,0
1735,"(234.0, 482.0)",0,0,0
1736,"(151.0, 463.0)",0,0,0
1737,"(89.0, 443.0)",0,4,0
1738,"(996.0, 360.0)",4,1,2
1739,"(1016.0, 360.0)",4,1,2
1740,"(1016.0, 360.0)",4,1,2
1741,"(996.0, 372.0)",4,1,2
1742,"(746.0, 505.0)",2,2,4
1743,"(749.0, 505.0)",2,2,4
1744,"(748.0, 517.0)",2,2,4
1745,"(748.0, 523.0)",2,2,4
1746,"(423.0, 360.0)",1,3,1
1747,"(420.0, 360.0)",1,3,1
1748,"(70.0, 442.0)",0,4,0
1749,"(70.0, 442.0)",0,4,0
1750,"(70.0, 442.0)",0,4,0
1751,"(67.0, 442.0)",0,4,0
1752,"(50.0, 442.0)",0,4,0
1753,"(86.0, 442.0)",0,4,0
1754,"(439.0, 360.0)",1,3,1
1755,"(1016.0, 360.0)",4,1,2
1756,"(1017.0, 361.0)",4,1,2
1757,"(1016.0, 379.0)",4,1,2
1758,"(1036.0, 363.0)",4,1,2
1759,"(788.0, 524.0)",2,2,4
1760,"(753.0, 505.0)",2,2,4
1761,"(749.0, 505.0)",2,2,4
1762,"(748.0, 505.0)",2,2,4
1763,"(748.0, 509.0)",2,2,4
1764,"(750.0, 521.0)",2,2,4
1765,"(419.0, 360.0)",1,3,1
1766,"(81.0, 442.0)",0,4,0
1767,"(420.0, 360.0)",1,3,1
1767,"(68.0, 442.0)",0,4,0
1768,"(68.0, 442.0)",0,4,0
1769,"(69.0, 443.0)",0,4,0
1770,"(295.0, 484.0)",0,0,-1
1771,"(295.0, 484.0)",0,0,-1
1772,"(440.0, 360.0)",1,3,1
1773,"(440.0, 360.0)",1,3,1
1774,"(460.0, 360.0)",1,3,1
1775,"(461.0, 360.0)",1,3,1
1776,"(770.0, 525.0)",2,2,4
1777,"(767.0, 523.0)",2,2,4
1778,"(767.0, 524.0)",2,2,4
1779,"(749.0, 510.0)",2,2,4
1780,"(748.0, 520.0)",2,2,4
1781,"(746.0, 505.0)",2,2,4
1782,"(749.0, 485.0)",2,2,4
1783,"(460.0, 360.0)",1,3,1
1783,"(71.0, 441.0)",0,4,0
1784,"(74.0, 442.0)",0,4,0
1785,"(69.0, 443.0)",0,4,0
1786,"(69.0, 442.0)",0,4,0
1787,"(68.0, 442.0)",0,4,0
1788,"(420.0, 360.0)",1,3,1
1789,"(439.0, 360.0)",1,3,1
1790,"(439.0, 361.0)",1,3,1
1791,"(439.0, 380.0)",1,3,1
1792,"(439.0, 368.0)",1,3,1
1793,"(457.0, 360.0)",1,3,1
1794,"(747.0, 504.0)",2,2,4
1795,"(748.0, 505.0)",2,2,4
1796,"(747.0, 505.0)",2,2,4
1797,"(748.0, 505.0)",2,2,4
1798,"(749.0, 506.0)",2,2,4
1799,"(769.0, 524.0)",2,2,4
1800,"(810.0, 525.0)",2,2,4
1801,"(49.0, 441.0)",0,4,0
1802,"(63.0, 443.0)",0,4,0
1803,"(48.0, 442.0)",0,4,0
1804,"(63.0, 422.0)",0,4,0
1805,"(89.0, 421.0)",0,4,0
1806,"(440.0, 360.0)",1,3,1
1807,"(438.0, 360.0)",1,3,1
1808,"(439.0, 360.0)",1,3,1
1809,"(420.0, 360.0)",1,3,1
1810,"(420.0, 360.0)",1,3,1
1811,"(420.0, 361.0)",1,3,1
1812,"(108.0, 442.0)",0,4,0
1813,"(88.0, 442.0)",0,4,0
1814,"(439.0, 360.0)",1,3,1
1815,"(460.0, 360.0)",1,3,1
1815,"(1037.0, 381.0)",4,1,2
1816,"(1034.0, 380.0)",4,1,2
1817,"(1033.0, 381.0)",4,1,2
1818,"(995.0, 380.0)",4,1,2
1819,"(975.0, 376.0)",4,1,2
1820,"(749.0, 505.0)",2,2,4
1821,"(749.0, 505.0)",2,2,4
1822,"(749.0, 505.0)",2,2,4
1823,"(768.0, 524.0)",2,2,4
1824,"(749.0, 505.0)",2,2,4
1825,"(459.0, 360.0)",1,3,1
1826,"(459.0, 360.0)",1,3,1
1827,"(460.0, 361.0)",1,3,1
1828,"(459.0, 360.0)",1,3,1
1829,"(88.0, 423.0)",0,4,0
1830,"(89.0, 442.0)",0,4,0
1831,"(70.0, 422.0)",0,4,0
1832,"(88.0, 424.0)",0,4,0
1833,"(89.0, 426.0)",0,4,0
1834,"(1003.0, 361.0)",4,1,2
1835,"(419.0, 361.0)",1,3,1
1836,"(419.0, 360.0)",1,3,1
1837,"(419.0, 360.0)",1,3,1
1838,"(789.0, 515.0)",2,2,4
1839,"(768.0, 505.0)",2,2,4
1840,"(749.0, 505.0)",2,2,4
1841,"(749.0, 506.0)",2,2,4
1842,"(748.0, 505.0)",2,2,4
1843,"(458.0, 360.0)",1,3,1
1844,"(459.0, 360.0)",1,3,1
1845,"(460.0, 360.0)",1,3,1
1846,"(461.0, 359.0)",1,3,1
1847,"(460.0, 359.0)",1,3,1
1848,"(584.0, 506.0)",2,2,-1
1849,"(588.0, 506.0)",2,2,-1
1850,"(130.0, 441.0)",0,4,0
1851,"(996.0, 379.0)",4,1,2
1851,"(130.0, 442.0)",0,4,0
1852,"(995.0, 377.0)",4,1,2
1853,"(996.0, 379.0)",4,1,2
1854,"(1015.0, 363.0)",4,1,2
1855,"(996.0, 374.0)",4,1,2
1856,"(88.0, 442.0)",0,4,0
1857,"(438.0, 360.0)",1,3,1
1857,"(68.0, 442.0)",0,4,0
1858,"(68.0, 442.0)",0,4,0
1859,"(68.0, 442.0)",0,4,0
1860,"(68.0, 443.0)",0,4,0
1861,"(68.0, 443.0)",0,4,0
1862,"(69.0, 443.0)",0,4,0
1863,"(459.0, 359.0)",1,3,1
1864,"(459.0, 360.0)",1,3,1
1865,"(459.0, 359.0)",1,3,1
1866,"(461.0, 360.0)",1,3,1
1867,"(501.0, 360.0)",1,3,1
1868,"(521.0, 360.0)",1,3,1
1869,"(584.0, 505.0)",2,2,-1
1870,"(1017.0, 380.0)",4,1,2
1870,"(601.0, 525.0)",2,2,-1
1871,"(1017.0, 381.0)",4,1,2
1872,"(1017.0, 380.0)",4,1,2
1873,"(1015.0, 377.0)",4,1,2
1874,"(994.0, 361.0)",4,1,2
1875,"(460.0, 360.0)",1,3,1
1876,"(88.0, 443.0)",0,4,0
1877,"(87.0, 443.0)",0,4,0
1878,"(69.0, 443.0)",0,4,0
1879,"(52.0, 441.0)",0,4,0
1880,"(439.0, 360.0)",1,3,1
1881,"(439.0, 360.0)",1,3,1
1882,"(439.0, 360.0)",1,3,1
1883,"(459.0, 360.0)",1,3,1
1884,"(460.0, 360.0)",1,3,1
1885,"(477.0, 360.0)",1,3,1
1886,"(769.0, 524.0)",2,2,4
1887,"(503.0, 360.0)",1,3,1
1887,"(748.0, 505.0)",2,2,4
1888,"(747.0, 505.0)",2,2,4
1889,"(584.0, 505.0)",2,2,-1
1890,"(496.0, 360.0)",1,3,1
1890,"(604.0, 525.0)",2,2,-1
1891,"(85.0, 443.0)",0,4,0
1891,"(748.0, 359.0)",3,1,3
1892,"(69.0, 442.0)",0,4,0
1893,"(68.0, 442.0)",0,4,0
1894,"(48.0, 442.0)",0,4,0
1895,"(952.0, 361.0)",4,1,2
1896,"(954.0, 360.0)",4,1,2
1897,"(955.0, 361.0)",4,1,2
1898,"(954.0, 361.0)",4,1,2
1899,"(460.0, 360.0)",1,3,1
1900,"(461.0, 360.0)",1,3,1
1901,"(481.0, 360.0)",1,3,1
1902,"(500.0, 360.0)",1,3,1
1903,"(483.0, 360.0)",1,3,1
1904,"(480.0, 360.0)",1,3,1
1905,"(479.0, 360.0)",1,3,1
1906,"(665.0, 505.0)",2,2,-1
1907,"(746.0, 508.0)",2,2,4
1908,"(749.0, 505.0)",2,2,4
1909,"(767.0, 523.0)",2,2,4
1910,"(749.0, 504.0)",2,2,4
1911,"(68.0, 442.0)",0,4,0
1912,"(68.0, 443.0)",0,4,0
1913,"(767.0, 358.0)",3,1,3
1914,"(500.0, 361.0)",1,3,1
1915,"(501.0, 379.0)",1,3,1
1916,"(521.0, 360.0)",1,3,1
1917,"(514.0, 360.0)",1,3,1
1918,"(975.0, 364.0)",4,1,2
1919,"(996.0, 367.0)",4,1,2
1920,"(440.0, 360.0)",1,3,1
1921,"(439.0, 360.0)",1,3,1
1922,"(440.0, 359.0)",1,3,1
1923,"(459.0, 359.0)",1,3,1
1924,"(444.0, 360.0)",1,3,1
1925,"(68.0, 442.0)",0,4,0
1926,"(67.0, 443.0)",0,4,0
1927,"(69.0, 443.0)",0,4,0
1928,"(73.0, 442.0)",0,4,0
1929,"(501.0, 361.0)",1,3,1
1930,"(502.0, 360.0)",1,3,1
1931,"(502.0, 360.0)",1,3,1
1932,"(767.0, 359.0)",3,1,3
1933,"(769.0, 341.0)",3,1,3
1933,"(812.0, 525.0)",2,2,4
1934,"(955.0, 360.0)",4,1,2
1934,"(791.0, 357.0)",3,1,3
1935,"(975.0, 360.0)",4,1,2
1936,"(955.0, 361.0)",4,1,2
1937,"(955.0, 360.0)",4,1,2
1938,"(955.0, 379.0)",4,1,2
1939,"(953.0, 379.0)",4,1,2
1940,"(749.0, 504.0)",2,2,4
1941,"(749.0, 505.0)",2,2,4
1942,"(750.0, 505.0)",2,2,4
1943,"(767.0, 505.0)",2,2,4
1944,"(521.0, 361.0)",1,3,1
1945,"(501.0, 360.0)",1,3,1
1946,"(461.0, 360.0)",1,3,1
1947,"(459.0, 360.0)",1,3,1
1948,"(440.0, 360.0)",1,3,1
1949,"(459.0, 360.0)",1,3,1
1949,"(584.0, 524.0)",2,2,-1
1950,"(603.0, 524.0)",2,2,-1
1950,"(459.0, 360.0)",1,3,1
1951,"(459.0, 360.0)",1,3,1
1952,"(954.0, 360.0)",4,1,2
1953,"(911.0, 360.0)",3,1,-1
1954,"(955.0, 361.0)",4,1,2
1955,"(973.0, 360.0)",4,1,2
1955,"(502.0, 360.0)",1,3,1
1956,"(502.0, 360.0)",1,3,1
1957,"(502.0, 360.0)",1,3,1
1958,"(500.0, 360.0)",1,3,1
1959,"(68.0, 441.0)",0,4,0
1960,"(68.0, 442.0)",0,4,0
1961,"(68.0, 442.0)",0,4,0
1962,"(747.0, 505.0)",2,2,4
1963,"(748.0, 505.0)",2,2,4
1964,"(747.0, 505.0)",2,2,4
1965,"(747.0, 505.0)",2,2,4
1966,"(604.0, 520.0)",2,2,-1
1967,"(521.0, 360.0)",1,3,1
1968,"(521.0, 360.0)",1,3,1
1969,"(521.0, 360.0)",1,3,1
1970,"(514.0, 360.0)",1,3,1
1971,"(481.0, 360.0)",1,3,1
1972,"(996.0, 379.0)",4,1,2
1973,"(996.0, 378.0)",4,1,2
1973,"(769.0, 359.0)",3,1,3
1974,"(769.0, 358.0)",3,1,3
1975,"(749.0, 340.0)",3,1,3
1976,"(745.0, 360.0)",3,1,3
1977,"(63.0, 442.0)",0,4,0
1978,"(49.0, 442.0)",0,4,0
1979,"(69.0, 442.0)",0,4,0
1980,"(69.0, 442.0)",0,4,0
1981,"(481.0, 479.0)",1,2,-1
1982,"(501.0, 365.0)",1,3,1
1983,"(521.0, 360.0)",1,3,1
1984,"(521.0, 360.0)",1,3,1
1985,"(521.0, 360.0)",1,3,1
1986,"(893.0, 360.0)",3,1,-1
1987,"(585.0, 524.0)",2,2,-1
1988,"(584.0, 506.0)",2,2,-1
1989,"(603.0, 519.0)",2,2,-1
1990,"(974.0, 360.0)",4,1,2
1990,"(604.0, 505.0)",2,2,-1
1991,"(974.0, 360.0)",4,1,2
1992,"(1016.0, 360.0)",4,1,2
1993,"(747.0, 503.0)",2,2,4
1994,"(500.0, 360.0)",1,3,1
1994,"(749.0, 504.0)",2,2,4
1995,"(749.0, 505.0)",2,2,4
1996,"(501.0, 360.0)",1,3,1
1997,"(501.0, 361.0)",1,3,1
1998,"(500.0, 360.0)",1,3,1
1999,"(481.0, 380.0)",1,3,1
1999,"(808.0, 359.0)",3,1,3
2000,"(831.0, 360.0)",3,1,-1
2001,"(832.0, 360.0)",3,1,-1
2002,"(852.0, 360.0)",3,1,-1
2003,"(871.0, 360.0)",3,1,-1
2004,"(886.0, 360.0)",3,1,-1
2005,"(912.0, 360.0)",3,1,-1
2006,"(932.0, 361.0)",4,1,2
2007,"(460.0, 359.0)",1,3,1
2008,"(603.0, 524.0)",2,2,-1
2009,"(603.0, 524.0)",2,2,-1
2010,"(520.0, 360.0)",1,3,1
2011,"(521.0, 360.0)",1,3,1
2012,"(503.0, 360.0)",1,3,1
2013,"(501.0, 360.0)",1,3,1
2014,"(830.0, 359.0)",3,1,-1
2015,"(768.0, 506.0)",2,2,4
2016,"(768.0, 524.0)",2,2,4
2017,"(769.0, 523.0)",2,2,4
2018,"(768.0, 505.0)",2,2,4
2019,"(749.0, 505.0)",2,2,4
2020,"(459.0, 360.0)",1,3,1
2021,"(1055.0, 381.0)",4,1,2
2022,"(1039.0, 380.0)",4,1,2
2023,"(456.0, 360.0)",1,3,1
2024,"(440.0, 360.0)",1,3,1
2025,"(460.0, 360.0)",1,3,1
2026,"(461.0, 360.0)",1,3,1
2027,"(482.0, 360.0)",1,3,1
2028,"(589.0, 505.0)",2,2,-1
2029,"(585.0, 506.0)",2,2,-1
2030,"(88.0, 442.0)",0,4,0
2031,"(811.0, 525.0)",2,2,4
2032,"(811.0, 525.0)",2,2,4
2033,"(809.0, 525.0)",2,2,4
2034,"(811.0, 525.0)",2,2,4
2035,"(809.0, 359.0)",3,1,3
2036,"(830.0, 360.0)",3,1,-1
2037,"(811.0, 359.0)",3,1,3
2038,"(811.0, 360.0)",3,1,3
2039,"(828.0, 360.0)",3,1,-1
2040,"(452.0, 360.0)",1,3,1
2041,"(747.0, 504.0)",2,2,4
2042,"(728.0, 505.0)",2,2,4
2043,"(729.0, 505.0)",2,2,4
2044,"(747.0, 524.0)",2,2,4
2045,"(520.0, 361.0)",1,3,1
2046,"(501.0, 360.0)",1,3,1
2047,"(589.0, 505.0)",2,2,-1
2048,"(584.0, 524.0)",2,2,-1
2049,"(584.0, 510.0)",2,2,-1
2050,"(440.0, 361.0)",1,3,1
2051,"(53.0, 442.0)",0,4,0
2052,"(69.0, 442.0)",0,4,0
2053,"(87.0, 442.0)",0,4,0
2054,"(169.0, 463.0)",0,0,0
2055,"(213.0, 464.0)",0,0,0
2056,"(215.0, 464.0)",0,0,0
2057,"(769.0, 379.0)",3,1,3
2058,"(769.0, 361.0)",3,1,3
2059,"(789.0, 360.0)",3,1,3
2060,"(502.0, 360.0)",1,3,1
2061,"(749.0, 506.0)",2,2,4
2062,"(768.0, 505.0)",2,2,4
2063,"(770.0, 522.0)",2,2,4
2064,"(790.0, 525.0)",2,2,4
2065,"(791.0, 524.0)",2,2,4
2066,"(459.0, 360.0)",1,3,1
2067,"(49.0, 442.0)",0,4,0
2068,"(69.0, 443.0)",0,4,0
2069,"(459.0, 360.0)",1,3,1
2069,"(86.0, 443.0)",0,4,0
2069,"(584.0, 505.0)",2,2,-1
2070,"(459.0, 360.0)",1,3,1
2071,"(459.0, 360.0)",1,3,1
2072,"(480.0, 360.0)",1,3,1
2073,"(831.0, 360.0)",3,1,-1
2073,"(480.0, 360.0)",1,3,1
2074,"(810.0, 361.0)",3,1,3
2075,"(787.0, 381.0)",3,1,3
2076,"(767.0, 381.0)",3,1,3
2077,"(749.0, 505.0)",2,2,4
2078,"(749.0, 505.0)",2,2,4
2079,"(768.0, 505.0)",2,2,4
2080,"(768.0, 505.0)",2,2,4
2081,"(849.0, 360.0)",3,1,-1
2082,"(850.0, 360.0)",3,1,-1
2083,"(502.0, 482.0)",1,2,-1
2084,"(501.0, 478.0)",1,2,-1
2085,"(480.0, 399.0)",1,3,1
2086,"(458.0, 361.0)",1,3,1
2087,"(460.0, 359.0)",1,3,1
2088,"(460.0, 360.0)",1,3,1
2089,"(460.0, 361.0)",1,3,1
2089,"(87.0, 442.0)",0,4,0
2090,"(71.0, 442.0)",0,4,0
2090,"(460.0, 360.0)",1,3,1
2091,"(131.0, 443.0)",0,4,0
2091,"(830.0, 360.0)",3,1,-1
2092,"(213.0, 463.0)",0,0,0
2093,"(480.0, 360.0)",1,3,1
2094,"(481.0, 360.0)",1,3,1
2095,"(500.0, 359.0)",1,3,1
2096,"(501.0, 360.0)",1,3,1
2097,"(502.0, 360.0)",1,3,1
2098,"(501.0, 360.0)",1,3,1
2099,"(729.0, 505.0)",2,2,4
2100,"(728.0, 505.0)",2,2,4
2101,"(727.0, 524.0)",2,2,4
2102,"(727.0, 505.0)",2,2,4
2103,"(90.0, 444.0)",0,4,0
2104,"(85.0, 443.0)",0,4,0
2105,"(85.0, 443.0)",0,4,0
2106,"(91.0, 443.0)",0,4,0
2107,"(440.0, 361.0)",1,3,1
2108,"(459.0, 360.0)",1,3,1
2108,"(585.0, 505.0)",2,2,-1
2109,"(602.0, 506.0)",2,2,-1
2110,"(602.0, 513.0)",2,2,-1
2111,"(479.0, 380.0)",1,3,1
2112,"(478.0, 361.0)",1,3,1
2113,"(1055.0, 381.0)",4,1,2
2114,"(1079.0, 381.0)",4,1,2
2115,"(1078.0, 399.0)",4,1,2
2116,"(1096.0, 381.0)",4,1,2
2117,"(729.0, 504.0)",2,2,4
2118,"(729.0, 503.0)",2,2,4
2119,"(748.0, 504.0)",2,2,4
2120,"(108.0, 443.0)",0,4,0
2121,"(130.0, 462.0)",0,0,0
2122,"(161.0, 463.0)",0,0,0
2123,"(459.0, 360.0)",1,3,1
2124,"(460.0, 360.0)",1,3,1
2125,"(461.0, 360.0)",1,3,1
2126,"(481.0, 360.0)",1,3,1
2127,"(596.0, 521.0)",2,2,-1
2128,"(589.0, 507.0)",2,2,-1
2129,"(586.0, 505.0)",2,2,-1
2130,"(1077.0, 381.0)",4,1,2
2131,"(1078.0, 382.0)",4,1,2
2132,"(1077.0, 381.0)",4,1,2
2133,"(480.0, 360.0)",1,3,1
2134,"(485.0, 360.0)",1,3,1
2135,"(500.0, 360.0)",1,3,1
2136,"(480.0, 360.0)",1,3,1
2137,"(1140.0, 398.0)",4,1,2
2138,"(1119.0, 401.0)",4,1,2
2139,"(749.0, 505.0)",2,2,4
2140,"(752.0, 524.0)",2,2,4
2141,"(749.0, 505.0)",2,2,4
2142,"(768.0, 524.0)",2,2,4
2143,"(213.0, 465.0)",0,0,0
2144,"(213.0, 464.0)",0,0,0
2145,"(232.0, 463.0)",0,0,0
2146,"(193.0, 464.0)",0,0,0
2147,"(1305.0, 400.0)",6,5,5
2148,"(583.0, 505.0)",2,2,-1
2149,"(1139.0, 400.0)",4,1,2
2150,"(584.0, 505.0)",2,2,-1
2151,"(603.0, 505.0)",2,2,-1
2151,"(109.0, 443.0)",0,4,0
2152,"(87.0, 443.0)",0,4,0
2153,"(67.0, 442.0)",0,4,0
2154,"(69.0, 442.0)",0,4,0
2155,"(68.0, 442.0)",0,4,0
2156,"(460.0, 360.0)",1,3,1
2157,"(460.0, 360.0)",1,3,1
2158,"(749.0, 524.0)",2,2,4
2159,"(460.0, 361.0)",1,3,1
2160,"(460.0, 360.0)",1,3,1
2161,"(769.0, 360.0)",3,1,3
2161,"(463.0, 361.0)",1,3,1
2162,"(769.0, 360.0)",3,1,3
2163,"(770.0, 360.0)",3,1,3
2164,"(788.0, 360.0)",3,1,3
2165,"(1309.0, 422.0)",6,5,5
2166,"(1305.0, 422.0)",6,5,5
2167,"(583.0, 503.0)",2,2,-1
2168,"(151.0, 461.0)",0,0,0
2169,"(583.0, 504.0)",2,2,-1
2169,"(151.0, 463.0)",0,0,0
2170,"(583.0, 505.0)",2,2,-1
2171,"(108.0, 443.0)",0,4,0
2172,"(109.0, 443.0)",0,4,0
2173,"(91.0, 442.0)",0,4,0
2174,"(458.0, 360.0)",1,3,1
2175,"(460.0, 360.0)",1,3,1
2176,"(460.0, 360.0)",1,3,1
2177,"(460.0, 360.0)",1,3,1
2178,"(460.0, 360.0)",1,3,1
2179,"(461.0, 360.0)",1,3,1
2180,"(744.0, 504.0)",2,2,4
2180,"(1306.0, 482.0)",6,5,5
2180,"(461.0, 360.0)",1,3,1
2181,"(729.0, 504.0)",2,2,4
2182,"(728.0, 504.0)",2,2,4
2183,"(728.0, 504.0)",2,2,4
2184,"(728.0, 504.0)",2,2,4
2185,"(728.0, 359.0)",3,1,3
2186,"(1309.0, 484.0)",6,5,5
2187,"(1097.0, 381.0)",4,1,2
2188,"(1100.0, 400.0)",4,1,2
2189,"(459.0, 360.0)",1,3,1
2190,"(106.0, 443.0)",0,4,0
2191,"(145.0, 463.0)",0,0,0
2192,"(109.0, 460.0)",0,4,0
2193,"(87.0, 443.0)",0,4,0
2194,"(89.0, 443.0)",0,4,0
2195,"(1306.0, 427.0)",6,5,5
2195,"(91.0, 443.0)",0,4,0
2196,"(728.0, 503.0)",2,2,4
2197,"(728.0, 504.0)",2,2,4
2198,"(736.0, 505.0)",2,2,4
2199,"(747.0, 508.0)",2,2,4
2200,"(729.0, 505.0)",2,2,4
2201,"(731.0, 505.0)",2,2,4
2202,"(789.0, 360.0)",3,1,3
2202,"(501.0, 360.0)",1,3,1
2203,"(480.0, 360.0)",1,3,1
2204,"(459.0, 359.0)",1,3,1
2205,"(443.0, 360.0)",1,3,1
2206,"(439.0, 360.0)",1,3,1
2207,"(439.0, 360.0)",1,3,1
2208,"(87.0, 443.0)",0,4,0
2209,"(70.0, 443.0)",0,4,0
2210,"(67.0, 443.0)",0,4,0
2211,"(67.0, 443.0)",0,4,0
2212,"(1119.0, 399.0)",4,1,2
2213,"(1118.0, 382.0)",4,1,2
2214,"(1079.0, 382.0)",4,1,2
2215,"(1077.0, 381.0)",4,1,2
2216,"(728.0, 505.0)",2,2,4
2217,"(747.0, 505.0)",2,2,4
2218,"(747.0, 505.0)",2,2,4
2219,"(729.0, 506.0)",2,2,4
2220,"(541.0, 360.0)",1,3,1
2220,"(743.0, 506.0)",2,2,4
2221,"(541.0, 359.0)",1,3,1
2222,"(812.0, 361.0)",3,1,3
2223,"(809.0, 361.0)",3,1,3
2223,"(87.0, 443.0)",0,4,0
2224,"(88.0, 442.0)",0,4,0
2225,"(86.0, 442.0)",0,4,0
2226,"(84.0, 443.0)",0,4,0
2227,"(87.0, 443.0)",0,4,0
2228,"(88.0, 443.0)",0,4,0
2229,"(459.0, 360.0)",1,3,1
2230,"(459.0, 360.0)",1,3,1
2231,"(438.0, 360.0)",1,3,1
2232,"(419.0, 360.0)",1,3,1
2233,"(1306.0, 398.0)",6,5,5
2234,"(439.0, 360.0)",1,3,1
2235,"(584.0, 504.0)",2,2,-1
2236,"(603.0, 524.0)",2,2,-1
2237,"(502.0, 359.0)",1,3,1
2238,"(747.0, 483.0)",2,2,4
2239,"(745.0, 504.0)",2,2,4
2240,"(745.0, 504.0)",2,2,4
2241,"(748.0, 504.0)",2,2,4
2242,"(747.0, 505.0)",2,2,4
2243,"(151.0, 463.0)",0,0,0
2244,"(459.0, 360.0)",1,3,1
2245,"(460.0, 360.0)",1,3,1
2246,"(461.0, 359.0)",1,3,1
2247,"(480.0, 360.0)",1,3,1
2248,"(461.0, 359.0)",1,3,1
2249,"(1098.0, 397.0)",4,1,2
2250,"(1119.0, 399.0)",4,1,2
2251,"(1099.0, 382.0)",4,1,2
2252,"(1306.0, 475.0)",6,5,5
2253,"(1305.0, 442.0)",6,5,5
2254,"(1305.0, 422.0)",6,5,5
2255,"(1306.0, 462.0)",6,5,5
2256,"(1305.0, 442.0)",6,5,5
2257,"(728.0, 505.0)",2,2,4
2258,"(1306.0, 484.0)",6,5,5
2258,"(742.0, 505.0)",2,2,4
2259,"(729.0, 505.0)",2,2,4
2260,"(747.0, 519.0)",2,2,4
2261,"(88.0, 443.0)",0,4,0
2262,"(89.0, 443.0)",0,4,0
2263,"(1117.0, 401.0)",4,1,2
2264,"(1119.0, 400.0)",4,1,2
2265,"(1118.0, 381.0)",4,1,2
2266,"(1098.0, 381.0)",4,1,2
2267,"(768.0, 359.0)",3,1,3
2268,"(769.0, 359.0)",3,1,3
2269,"(768.0, 359.0)",3,1,3
2270,"(172.0, 463.0)",0,0,0
2271,"(151.0, 462.0)",0,0,0
2272,"(1306.0, 421.0)",6,5,5
2272,"(131.0, 450.0)",0,4,0
2273,"(1309.0, 423.0)",6,5,5
2274,"(1306.0, 422.0)",6,5,5
2275,"(87.0, 443.0)",0,4,0
2276,"(69.0, 443.0)",0,4,0
2277,"(69.0, 443.0)",0,4,0
2278,"(1119.0, 400.0)",4,1,2
2279,"(748.0, 524.0)",2,2,4
2279,"(1100.0, 400.0)",4,1,2
2280,"(748.0, 505.0)",2,2,4
2281,"(730.0, 511.0)",2,2,4
2282,"(788.0, 524.0)",2,2,4
2283,"(437.0, 360.0)",1,3,1
2284,"(439.0, 359.0)",1,3,1
2285,"(439.0, 359.0)",1,3,1
2285,"(92.0, 442.0)",0,4,0
2286,"(480.0, 360.0)",1,3,1
2287,"(482.0, 359.0)",1,3,1
2288,"(501.0, 360.0)",1,3,1
2289,"(501.0, 359.0)",1,3,1
2290,"(1306.0, 400.0)",6,5,5
2291,"(1307.0, 401.0)",6,5,5
2291,"(1077.0, 381.0)",4,1,2
2292,"(1079.0, 381.0)",4,1,2
2293,"(110.0, 443.0)",0,4,0
2293,"(1099.0, 384.0)",4,1,2
2294,"(109.0, 444.0)",0,4,0
2295,"(109.0, 443.0)",0,4,0
2296,"(423.0, 360.0)",1,3,1
2297,"(419.0, 360.0)",1,3,1
2298,"(420.0, 360.0)",1,3,1
2299,"(439.0, 360.0)",1,3,1
2300,"(439.0, 362.0)",1,3,1
2301,"(316.0, 481.0)",1,0,-1
2302,"(316.0, 464.0)",1,0,-1
2303,"(316.0, 464.0)",1,0,-1
2304,"(1139.0, 401.0)",4,1,2
2305,"(1160.0, 400.0)",4,1,-1
2306,"(1159.0, 399.0)",4,1,-1
2307,"(1255.0, 401.0)",6,1,-1
2308,"(88.0, 443.0)",0,4,0
2308,"(1305.0, 401.0)",6,5,5
2309,"(88.0, 443.0)",0,4,0
2310,"(89.0, 443.0)",0,4,0
2311,"(89.0, 443.0)",0,4,0
2312,"(83.0, 443.0)",0,4,0
2313,"(460.0, 360.0)",1,3,1
2314,"(459.0, 360.0)",1,3,1
2315,"(439.0, 360.0)",1,3,1
2316,"(421.0, 360.0)",1,3,1
2317,"(1095.0, 382.0)",4,1,2
2318,"(1111.0, 382.0)",4,1,2
2319,"(1115.0, 382.0)",4,1,2
2320,"(275.0, 483.0)",0,0,-1
2321,"(274.0, 483.0)",0,0,-1
2322,"(150.0, 462.0)",0,0,0
2323,"(191.0, 463.0)",0,0,0
2324,"(1306.0, 423.0)",6,5,5
2324,"(212.0, 463.0)",0,0,0
2325,"(1310.0, 422.0)",6,5,5
2326,"(461.0, 360.0)",1,3,1
2327,"(461.0, 360.0)",1,3,1
2328,"(460.0, 360.0)",1,3,1
2329,"(1119.0, 400.0)",4,1,2
2330,"(1139.0, 400.0)",4,1,2
2331,"(1140.0, 401.0)",4,1,2
2332,"(749.0, 360.0)",3,1,3
2333,"(88.0, 443.0)",0,4,0
2333,"(1306.0, 443.0)",6,5,5
2333,"(748.0, 360.0)",3,1,3
2334,"(1306.0, 465.0)",6,5,5
2335,"(439.0, 360.0)",1,3,1
2336,"(459.0, 360.0)",1,3,1
2337,"(440.0, 360.0)",1,3,1
2338,"(460.0, 359.0)",1,3,1
2339,"(457.0, 360.0)",1,3,1
2340,"(1305.0, 477.0)",6,5,5
2341,"(1307.0, 454.0)",6,5,5
2342,"(89.0, 443.0)",0,4,0
2343,"(1306.0, 482.0)",6,5,5
2344,"(89.0, 443.0)",0,4,0
2345,"(1079.0, 401.0)",4,1,2
2346,"(1099.0, 401.0)",4,1,2
2347,"(1118.0, 401.0)",4,1,2
2348,"(1118.0, 400.0)",4,1,2
2349,"(1119.0, 401.0)",4,1,2
2350,"(88.0, 443.0)",0,4,0
2351,"(89.0, 443.0)",0,4,0
2352,"(88.0, 443.0)",0,4,0
2353,"(768.0, 360.0)",3,1,3
2354,"(480.0, 360.0)",1,3,1
2354,"(768.0, 360.0)",3,1,3
2355,"(481.0, 360.0)",1,3,1
2356,"(461.0, 360.0)",1,3,1
2357,"(459.0, 360.0)",1,3,1
2358,"(440.0, 359.0)",1,3,1
2359,"(1307.0, 401.0)",6,5,5
2360,"(1303.0, 400.0)",6,5,5
2361,"(1139.0, 401.0)",4,1,2
2362,"(1099.0, 398.0)",4,1,2
2363,"(1098.0, 397.0)",4,1,2
2364,"(1099.0, 382.0)",4,1,2
2365,"(85.0, 443.0)",0,4,0
2366,"(70.0, 443.0)",0,4,0
2367,"(85.0, 443.0)",0,4,0
2368,"(74.0, 442.0)",0,4,0
2369,"(89.0, 443.0)",0,4,0
2370,"(419.0, 360.0)",1,3,1
2371,"(728.0, 504.0)",2,2,4
2371,"(274.0, 483.0)",0,0,-1
2372,"(728.0, 505.0)",2,2,4
2373,"(729.0, 506.0)",2,2,4
2374,"(1119.0, 399.0)",4,1,2
2375,"(1118.0, 400.0)",4,1,2
2376,"(1119.0, 400.0)",4,1,2
2377,"(1119.0, 400.0)",4,1,2
2378,"(459.0, 360.0)",1,3,1
2379,"(439.0, 361.0)",1,3,1
2380,"(686.0, 524.0)",2,2,4
2381,"(85.0, 443.0)",0,4,0
2382,"(68.0, 443.0)",0,4,0
2383,"(68.0, 443.0)",0,4,0
2384,"(109.0, 446.0)",0,4,0
2385,"(460.0, 360.0)",1,3,1
2386,"(1306.0, 401.0)",6,5,5
2387,"(1306.0, 400.0)",6,5,5
2388,"(1308.0, 390.0)",6,5,5
2389,"(1305.0, 385.0)",6,5,5
2390,"(1303.0, 385.0)",6,5,5
2391,"(1138.0, 399.0)",4,1,2
2392,"(1119.0, 386.0)",4,1,2
2393,"(1120.0, 397.0)",4,1,2
2394,"(439.0, 360.0)",1,3,1
2395,"(459.0, 360.0)",1,3,1
2396,"(461.0, 360.0)",1,3,1
2397,"(461.0, 360.0)",1,3,1
2398,"(687.0, 524.0)",2,2,4
2399,"(1079.0, 585.0)",5,6,6
2400,"(1077.0, 568.0)",5,6,6
2401,"(86.0, 443.0)",0,4,0
2402,"(69.0, 443.0)",0,4,0
2403,"(1054.0, 381.0)",4,1,2
2404,"(1057.0, 382.0)",4,1,2
2404,"(747.0, 505.0)",2,2,4
2405,"(747.0, 505.0)",2,2,4
2406,"(746.0, 505.0)",2,2,4
2407,"(743.0, 506.0)",2,2,4
2408,"(1306.0, 401.0)",6,5,5
2409,"(1305.0, 400.0)",6,5,5
2410,"(1307.0, 399.0)",6,5,5
2411,"(1195.0, 401.0)",6,1,-1
2412,"(1119.0, 382.0)",4,1,2
2413,"(1119.0, 381.0)",4,1,2
2414,"(1306.0, 401.0)",6,5,5
2415,"(1306.0, 442.0)",6,5,5
2416,"(1306.0, 422.0)",6,5,5
2417,"(1308.0, 422.0)",6,5,5
2418,"(461.0, 360.0)",1,3,1
2419,"(440.0, 360.0)",1,3,1
2420,"(439.0, 360.0)",1,3,1
2421,"(439.0, 359.0)",1,3,1
2422,"(421.0, 359.0)",1,3,1
2423,"(67.0, 443.0)",0,4,0
2424,"(88.0, 443.0)",0,4,0
2425,"(1306.0, 464.0)",6,5,5
2426,"(1306.0, 421.0)",6,5,5
2427,"(1309.0, 443.0)",6,5,5
2428,"(1305.0, 453.0)",6,5,5
2429,"(1119.0, 385.0)",4,1,2
2430,"(1305.0, 480.0)",6,5,5
2431,"(1306.0, 484.0)",6,5,5
2432,"(419.0, 359.0)",1,3,1
2433,"(418.0, 360.0)",1,3,1
2433,"(1078.0, 566.0)",5,6,6
2434,"(687.0, 523.0)",2,2,4
2435,"(687.0, 523.0)",2,2,4
2435,"(1078.0, 581.0)",5,6,6
2436,"(1078.0, 567.0)",5,6,6
2437,"(1016.0, 380.0)",4,1,2
2438,"(1036.0, 381.0)",4,1,2
2439,"(440.0, 360.0)",1,3,1
2440,"(451.0, 360.0)",1,3,1
2441,"(459.0, 360.0)",1,3,1
2442,"(460.0, 359.0)",1,3,1
2443,"(460.0, 360.0)",1,3,1
2443,"(748.0, 524.0)",2,2,4
2444,"(89.0, 462.0)",0,4,0
2445,"(89.0, 443.0)",0,4,0
2446,"(294.0, 484.0)",0,0,-1
2447,"(976.0, 361.0)",4,1,2
2448,"(995.0, 360.0)",4,1,2
2449,"(1054.0, 380.0)",4,1,2
2450,"(1096.0, 381.0)",4,1,2
2451,"(1099.0, 393.0)",4,1,2
2452,"(1310.0, 401.0)",6,5,5
2453,"(1307.0, 399.0)",6,5,5
2454,"(1305.0, 402.0)",6,5,5
2455,"(1305.0, 402.0)",6,5,5
2456,"(381.0, 360.0)",1,3,1
2457,"(396.0, 360.0)",1,3,1
2458,"(401.0, 360.0)",1,3,1
2459,"(736.0, 505.0)",2,2,4
2459,"(419.0, 360.0)",1,3,1
2460,"(68.0, 443.0)",0,4,0
2460,"(748.0, 521.0)",2,2,4
2461,"(67.0, 443.0)",0,4,0
2462,"(458.0, 360.0)",1,3,1
2463,"(481.0, 359.0)",1,3,1
2464,"(501.0, 355.0)",1,3,1
2465,"(502.0, 358.0)",1,3,1
2466,"(996.0, 380.0)",4,1,2
2467,"(1016.0, 379.0)",4,1,2
2468,"(1021.0, 381.0)",4,1,2
2469,"(1079.0, 567.0)",5,6,6
2469,"(1035.0, 381.0)",4,1,2
2470,"(1079.0, 567.0)",5,6,6
2471,"(1095.0, 567.0)",5,6,6
2472,"(1079.0, 567.0)",5,6,6
2473,"(1306.0, 402.0)",6,5,5
2473,"(1140.0, 401.0)",4,1,2
2474,"(1308.0, 400.0)",6,5,5
2475,"(1305.0, 401.0)",6,5,5
2476,"(747.0, 506.0)",2,2,4
2477,"(748.0, 521.0)",2,2,4
2478,"(748.0, 507.0)",2,2,4
2479,"(63.0, 443.0)",0,4,0
2480,"(460.0, 359.0)",1,3,1
2481,"(459.0, 360.0)",1,3,1
2482,"(461.0, 360.0)",1,3,1
2483,"(461.0, 360.0)",1,3,1
2484,"(461.0, 360.0)",1,3,1
2485,"(995.0, 378.0)",4,1,2
2486,"(1118.0, 586.0)",5,6,6
2487,"(1118.0, 586.0)",5,6,6
2488,"(1098.0, 567.0)",5,6,6
2489,"(687.0, 507.0)",2,2,4
2490,"(687.0, 505.0)",2,2,4
2491,"(705.0, 513.0)",2,2,4
2492,"(708.0, 505.0)",2,2,4
2493,"(727.0, 505.0)",2,2,4
2494,"(1306.0, 410.0)",6,5,5
2495,"(1306.0, 399.0)",6,5,5
2496,"(1309.0, 422.0)",6,5,5
2497,"(1310.0, 422.0)",6,5,5
2498,"(1037.0, 380.0)",4,1,2
2499,"(1307.0, 456.0)",6,5,5
2500,"(1310.0, 462.0)",6,5,5
2501,"(459.0, 359.0)",1,3,1
2502,"(459.0, 360.0)",1,3,1
2503,"(1306.0, 482.0)",6,5,5
2504,"(1311.0, 443.0)",6,5,5
2505,"(460.0, 360.0)",1,3,1
2506,"(1306.0, 484.0)",6,5,5
2507,"(1100.0, 567.0)",5,6,6
2508,"(1099.0, 567.0)",5,6,6
2509,"(1306.0, 505.0)",6,5,-1
2510,"(1306.0, 483.0)",6,5,5
2511,"(1310.0, 422.0)",6,5,5
2512,"(1306.0, 463.0)",6,5,5
2513,"(1306.0, 455.0)",6,5,5
2514,"(1310.0, 422.0)",6,5,5
2515,"(1311.0, 463.0)",6,5,5
2516,"(747.0, 505.0)",2,2,4
2517,"(746.0, 505.0)",2,2,4
2518,"(1306.0, 485.0)",6,5,5
2519,"(1306.0, 483.0)",6,5,5
2520,"(1305.0, 454.0)",6,5,5
2521,"(1307.0, 463.0)",6,5,5
2522,"(1306.0, 463.0)",6,5,5
2523,"(1036.0, 381.0)",4,1,2
2524,"(1036.0, 381.0)",4,1,2
2525,"(458.0, 360.0)",1,3,1
2526,"(458.0, 360.0)",1,3,1
2527,"(460.0, 360.0)",1,3,1
2528,"(480.0, 360.0)",1,3,1
2529,"(1100.0, 585.0)",5,6,6
2530,"(1305.0, 421.0)",6,5,5
2531,"(1305.0, 421.0)",6,5,5
2532,"(1306.0, 411.0)",6,5,5
2533,"(1305.0, 401.0)",6,5,5
2534,"(737.0, 505.0)",2,2,4
2535,"(728.0, 505.0)",2,2,4
2536,"(747.0, 524.0)",2,2,4
2537,"(67.0, 443.0)",0,4,0
2537,"(748.0, 523.0)",2,2,4
2538,"(67.0, 444.0)",0,4,0
2539,"(997.0, 381.0)",4,1,2
2540,"(997.0, 380.0)",4,1,2
2541,"(1016.0, 380.0)",4,1,2
2542,"(996.0, 379.0)",4,1,2
2543,"(500.0, 359.0)",1,3,1
2544,"(479.0, 360.0)",1,3,1
2545,"(461.0, 360.0)",1,3,1
2546,"(459.0, 361.0)",1,3,1
2547,"(438.0, 360.0)",1,3,1
2548,"(440.0, 360.0)",1,3,1
2549,"(1306.0, 402.0)",6,5,5
2550,"(1305.0, 401.0)",6,5,5
2551,"(1307.0, 417.0)",6,5,5
2552,"(748.0, 505.0)",2,2,4
2552,"(54.0, 443.0)",0,4,0
2553,"(747.0, 505.0)",2,2,4
2554,"(729.0, 507.0)",2,2,4
2555,"(747.0, 505.0)",2,2,4
2556,"(1016.0, 380.0)",4,1,2
2557,"(1016.0, 360.0)",4,1,2
2558,"(996.0, 360.0)",4,1,2
2559,"(975.0, 361.0)",4,1,2
2560,"(480.0, 360.0)",1,3,1
2561,"(1305.0, 400.0)",6,5,5
2562,"(500.0, 381.0)",1,3,1
2563,"(336.0, 484.0)",1,0,-1
2564,"(687.0, 524.0)",2,2,4
2565,"(460.0, 360.0)",1,3,1
2566,"(457.0, 361.0)",1,3,1
2567,"(460.0, 360.0)",1,3,1
2568,"(459.0, 360.0)",1,3,1
2569,"(460.0, 360.0)",1,3,1
2569,"(65.0, 443.0)",0,4,0
2570,"(736.0, 505.0)",2,2,4
2571,"(747.0, 505.0)",2,2,4
2572,"(747.0, 507.0)",2,2,4
2573,"(1099.0, 586.0)",5,6,6
2574,"(996.0, 380.0)",4,1,2
2575,"(994.0, 361.0)",4,1,2
2576,"(995.0, 360.0)",4,1,2
2577,"(995.0, 361.0)",4,1,2
2578,"(440.0, 380.0)",1,3,1
2579,"(439.0, 379.0)",1,3,1
2580,"(419.0, 360.0)",1,3,1
2581,"(420.0, 360.0)",1,3,1
2582,"(440.0, 360.0)",1,3,1
2583,"(481.0, 360.0)",1,3,1
2584,"(502.0, 360.0)",1,3,1
2585,"(502.0, 360.0)",1,3,1
2586,"(481.0, 360.0)",1,3,1
2587,"(481.0, 360.0)",1,3,1
2588,"(480.0, 360.0)",1,3,1
2589,"(89.0, 444.0)",0,4,0
2590,"(747.0, 518.0)",2,2,4
2591,"(747.0, 506.0)",2,2,4
2592,"(748.0, 505.0)",2,2,4
2593,"(1117.0, 586.0)",5,6,6
2594,"(1117.0, 586.0)",5,6,6
2595,"(1119.0, 585.0)",5,6,6
2596,"(995.0, 378.0)",4,1,2
2597,"(996.0, 379.0)",4,1,2
2598,"(355.0, 483.0)",1,0,-1
2599,"(522.0, 359.0)",1,3,1
2600,"(520.0, 360.0)",1,3,1
2601,"(520.0, 360.0)",1,3,1
2602,"(501.0, 360.0)",1,3,1
2603,"(479.0, 359.0)",1,3,1
2604,"(460.0, 360.0)",1,3,1
2605,"(453.0, 360.0)",1,3,1
2606,"(66.0, 443.0)",0,4,0
2607,"(65.0, 443.0)",0,4,0
2608,"(75.0, 443.0)",0,4,0
2609,"(747.0, 503.0)",2,2,4
2610,"(747.0, 504.0)",2,2,4
2611,"(747.0, 505.0)",2,2,4
2612,"(729.0, 505.0)",2,2,4
2613,"(1098.0, 585.0)",5,6,6
2614,"(1098.0, 586.0)",5,6,6
2615,"(1099.0, 586.0)",5,6,6
2616,"(1099.0, 584.0)",5,6,6
2617,"(1119.0, 583.0)",5,6,6
2618,"(1119.0, 578.0)",5,6,6
2618,"(314.0, 484.0)",1,0,-1
2619,"(687.0, 507.0)",2,2,4
2620,"(1306.0, 421.0)",6,5,5
2620,"(686.0, 524.0)",2,2,4
2621,"(1306.0, 407.0)",6,5,5
2622,"(1307.0, 401.0)",6,5,5
2623,"(459.0, 360.0)",1,3,1
2624,"(459.0, 360.0)",1,3,1
2625,"(478.0, 360.0)",1,3,1
2626,"(461.0, 360.0)",1,3,1
2627,"(741.0, 505.0)",2,2,4
2628,"(747.0, 505.0)",2,2,4
2629,"(995.0, 380.0)",4,1,2
2630,"(996.0, 380.0)",4,1,2
2631,"(500.0, 360.0)",1,3,1
2632,"(500.0, 360.0)",1,3,1
2632,"(995.0, 374.0)",4,1,2
2633,"(482.0, 360.0)",1,3,1
2634,"(481.0, 360.0)",1,3,1
2635,"(478.0, 360.0)",1,3,1
2635,"(1099.0, 586.0)",5,6,6
2636,"(297.0, 484.0)",0,0,-1
2636,"(1098.0, 568.0)",5,6,6
2637,"(296.0, 483.0)",0,0,-1
2637,"(1098.0, 585.0)",5,6,6
2638,"(295.0, 484.0)",0,0,-1
2639,"(276.0, 483.0)",0,0,-1
2640,"(254.0, 484.0)",0,0,0
2641,"(459.0, 361.0)",1,3,1
2642,"(459.0, 361.0)",1,3,1
2643,"(439.0, 360.0)",1,3,1
2644,"(748.0, 517.0)",2,2,4
2645,"(747.0, 505.0)",2,2,4
2646,"(1016.0, 380.0)",4,1,2
2647,"(997.0, 380.0)",4,1,2
2648,"(975.0, 380.0)",4,1,2
2649,"(976.0, 375.0)",4,1,2
2650,"(481.0, 360.0)",1,3,1
2651,"(500.0, 360.0)",1,3,1
2652,"(502.0, 360.0)",1,3,1
2653,"(501.0, 360.0)",1,3,1
2654,"(500.0, 360.0)",1,3,1
2655,"(1097.0, 567.0)",5,6,6
2656,"(1118.0, 576.0)",5,6,6
2657,"(1118.0, 568.0)",5,6,6
2658,"(1099.0, 581.0)",5,6,6
2659,"(745.0, 505.0)",2,2,4
2660,"(729.0, 512.0)",2,2,4
2661,"(744.0, 507.0)",2,2,4
2662,"(729.0, 505.0)",2,2,4
2663,"(748.0, 506.0)",2,2,4
2664,"(459.0, 360.0)",1,3,1
2665,"(458.0, 360.0)",1,3,1
2666,"(439.0, 360.0)",1,3,1
2667,"(253.0, 483.0)",0,0,0
2668,"(438.0, 360.0)",1,3,1
2669,"(456.0, 361.0)",1,3,1
2670,"(443.0, 360.0)",1,3,1
2671,"(480.0, 361.0)",1,3,1
2672,"(500.0, 360.0)",1,3,1
2673,"(501.0, 360.0)",1,3,1
2674,"(502.0, 360.0)",1,3,1
2675,"(500.0, 360.0)",1,3,1
2676,"(1099.0, 567.0)",5,6,6
2677,"(747.0, 505.0)",2,2,4
2678,"(747.0, 507.0)",2,2,4
2679,"(747.0, 521.0)",2,2,4
2680,"(747.0, 511.0)",2,2,4
2681,"(419.0, 360.0)",1,3,1
2682,"(438.0, 359.0)",1,3,1
2683,"(439.0, 359.0)",1,3,1
2684,"(88.0, 443.0)",0,4,0
2685,"(440.0, 359.0)",1,3,1
2686,"(440.0, 359.0)",1,3,1
2687,"(459.0, 360.0)",1,3,1
2688,"(459.0, 360.0)",1,3,1
2689,"(418.0, 359.0)",1,3,1
2690,"(461.0, 360.0)",1,3,1
2691,"(521.0, 360.0)",1,3,1
2692,"(482.0, 360.0)",1,3,1
2693,"(503.0, 360.0)",1,3,1
2694,"(1306.0, 400.0)",6,5,5
2695,"(730.0, 505.0)",2,2,4
2696,"(728.0, 505.0)",2,2,4
2697,"(728.0, 506.0)",2,2,4
2698,"(746.0, 505.0)",2,2,4
2699,"(1098.0, 583.0)",5,6,6
2700,"(69.0, 443.0)",0,4,0
2700,"(1098.0, 586.0)",5,6,6
2701,"(419.0, 360.0)",1,3,1
2701,"(87.0, 443.0)",0,4,0
2702,"(419.0, 360.0)",1,3,1
2703,"(419.0, 360.0)",1,3,1
2704,"(439.0, 360.0)",1,3,1
2705,"(437.0, 360.0)",1,3,1
2706,"(439.0, 378.0)",1,3,1
2707,"(119.0, 443.0)",0,4,0
2708,"(130.0, 462.0)",0,0,0
2709,"(747.0, 505.0)",2,2,4
2710,"(131.0, 462.0)",0,0,0
2711,"(747.0, 505.0)",2,2,4
2712,"(748.0, 505.0)",2,2,4
2713,"(1309.0, 401.0)",6,5,5
2714,"(1263.0, 401.0)",6,1,-1
2715,"(1310.0, 401.0)",6,5,5
2716,"(69.0, 443.0)",0,4,0
2717,"(50.0, 443.0)",0,4,0
2718,"(68.0, 443.0)",0,4,0
2719,"(1099.0, 567.0)",5,6,6
2720,"(1099.0, 566.0)",5,6,6
2721,"(1100.0, 568.0)",5,6,6
2722,"(459.0, 360.0)",1,3,1
2722,"(1099.0, 567.0)",5,6,6
2723,"(440.0, 360.0)",1,3,1
2724,"(747.0, 505.0)",2,2,4
2725,"(745.0, 523.0)",2,2,4
2726,"(748.0, 521.0)",2,2,4
2727,"(191.0, 464.0)",0,0,0
2728,"(170.0, 463.0)",0,0,0
2729,"(170.0, 463.0)",0,0,0
2730,"(110.0, 463.0)",0,4,0
2731,"(108.0, 448.0)",0,4,0
2732,"(87.0, 443.0)",0,4,0
2733,"(89.0, 443.0)",0,4,0
2734,"(287.0, 482.0)",0,0,-1
2735,"(294.0, 464.0)",0,0,-1
2736,"(1305.0, 421.0)",6,5,5
2737,"(1305.0, 416.0)",6,5,5
2738,"(729.0, 504.0)",2,2,4
2739,"(739.0, 505.0)",2,2,4
2739,"(1099.0, 567.0)",5,6,6
2740,"(1117.0, 567.0)",5,6,6
2740,"(729.0, 505.0)",2,2,4
2741,"(744.0, 505.0)",2,2,4
2742,"(446.0, 360.0)",1,3,1
2743,"(440.0, 359.0)",1,3,1
2744,"(460.0, 360.0)",1,3,1
2745,"(461.0, 360.0)",1,3,1
2746,"(459.0, 360.0)",1,3,1
2747,"(169.0, 464.0)",0,0,0
2748,"(150.0, 463.0)",0,0,0
2749,"(129.0, 463.0)",0,0,0
2750,"(109.0, 461.0)",0,4,0
2751,"(89.0, 444.0)",0,4,0
2752,"(89.0, 443.0)",0,4,0
2753,"(89.0, 443.0)",0,4,0
2754,"(90.0, 443.0)",0,4,0
2755,"(90.0, 443.0)",0,4,0
2756,"(747.0, 505.0)",2,2,4
2757,"(747.0, 505.0)",2,2,4
2758,"(747.0, 505.0)",2,2,4
2759,"(747.0, 505.0)",2,2,4
2760,"(735.0, 507.0)",2,2,4
2761,"(440.0, 359.0)",1,3,1
2762,"(1099.0, 566.0)",5,6,6
2763,"(1097.0, 566.0)",5,6,6
2764,"(1094.0, 567.0)",5,6,6
2765,"(1098.0, 567.0)",5,6,6
2766,"(80.0, 443.0)",0,4,0
2767,"(69.0, 443.0)",0,4,0
2768,"(89.0, 443.0)",0,4,0
2769,"(150.0, 463.0)",0,0,0
2770,"(192.0, 463.0)",0,0,0
2771,"(193.0, 480.0)",0,0,0
2772,"(192.0, 463.0)",0,0,0
2773,"(150.0, 462.0)",0,0,0
2774,"(521.0, 360.0)",1,3,1
2775,"(91.0, 443.0)",0,4,0
2776,"(741.0, 507.0)",2,2,4
2777,"(746.0, 505.0)",2,2,4
2778,"(747.0, 505.0)",2,2,4
2779,"(746.0, 505.0)",2,2,4
2780,"(460.0, 360.0)",1,3,1
2781,"(458.0, 360.0)",1,3,1
2782,"(460.0, 360.0)",1,3,1
2782,"(1075.0, 547.0)",5,6,6
2783,"(1098.0, 566.0)",5,6,6
2784,"(68.0, 443.0)",0,4,0
2784,"(1097.0, 567.0)",5,6,6
2785,"(87.0, 443.0)",0,4,0
2786,"(1099.0, 567.0)",5,6,6
2787,"(1118.0, 586.0)",5,6,6
2788,"(377.0, 360.0)",1,3,1
2789,"(357.0, 360.0)",1,3,1
2790,"(212.0, 464.0)",0,0,0
2791,"(1305.0, 401.0)",6,5,5
2792,"(1305.0, 419.0)",6,5,5
2793,"(748.0, 485.0)",2,2,4
2794,"(747.0, 505.0)",2,2,4
2794,"(522.0, 360.0)",1,3,1
2795,"(521.0, 360.0)",1,3,1
2796,"(747.0, 505.0)",2,2,4
2797,"(748.0, 504.0)",2,2,4
2798,"(461.0, 359.0)",1,3,1
2799,"(441.0, 359.0)",1,3,1
2800,"(440.0, 360.0)",1,3,1
2801,"(108.0, 462.0)",0,4,0
2802,"(377.0, 360.0)",1,3,1
2803,"(357.0, 360.0)",1,3,1
2804,"(357.0, 360.0)",1,3,1
2805,"(357.0, 360.0)",1,3,1
2805,"(109.0, 463.0)",0,4,0
2806,"(108.0, 462.0)",0,4,0
2807,"(357.0, 360.0)",1,3,1
2808,"(357.0, 360.0)",1,3,1
2809,"(1119.0, 582.0)",5,6,6
2810,"(1119.0, 567.0)",5,6,6
2811,"(1035.0, 381.0)",4,1,2
2812,"(1035.0, 381.0)",4,1,2
2813,"(481.0, 360.0)",1,3,1
2814,"(502.0, 360.0)",1,3,1
2815,"(481.0, 359.0)",1,3,1
2816,"(500.0, 360.0)",1,3,1
2817,"(478.0, 360.0)",1,3,1
2818,"(480.0, 360.0)",1,3,1
2819,"(109.0, 444.0)",0,4,0
2820,"(129.0, 463.0)",0,0,0
2821,"(130.0, 462.0)",0,0,0
2822,"(170.0, 463.0)",0,0,0
2823,"(207.0, 463.0)",0,0,0
2824,"(398.0, 360.0)",1,3,1
2824,"(148.0, 463.0)",0,0,0
2825,"(111.0, 463.0)",0,4,0
2826,"(69.0, 443.0)",0,4,0
2827,"(88.0, 463.0)",0,4,0
2828,"(376.0, 361.0)",1,3,1
2829,"(1308.0, 457.0)",6,5,5
2830,"(1306.0, 461.0)",6,5,5
2831,"(1308.0, 442.0)",6,5,5
2832,"(851.0, 360.0)",3,1,-1
2833,"(521.0, 360.0)",1,3,1
2834,"(521.0, 360.0)",1,3,1
2835,"(89.0, 443.0)",0,4,0
2836,"(89.0, 443.0)",0,4,0
2837,"(87.0, 443.0)",0,4,0
2838,"(90.0, 443.0)",0,4,0
2839,"(107.0, 443.0)",0,4,0
2840,"(109.0, 443.0)",0,4,0
2840,"(459.0, 360.0)",1,3,1
2841,"(419.0, 360.0)",1,3,1
2842,"(456.0, 360.0)",1,3,1
2843,"(439.0, 361.0)",1,3,1
2844,"(417.0, 359.0)",1,3,1
2845,"(405.0, 360.0)",1,3,1
2846,"(69.0, 422.0)",0,4,0
2847,"(358.0, 359.0)",1,3,1
2847,"(68.0, 441.0)",0,4,0
2848,"(399.0, 360.0)",1,3,1
2848,"(1305.0, 443.0)",6,5,5
2849,"(1305.0, 441.0)",6,5,5
2849,"(1077.0, 566.0)",5,6,6
2849,"(459.0, 360.0)",1,3,1
2850,"(460.0, 360.0)",1,3,1
2851,"(1058.0, 564.0)",5,6,6
2851,"(500.0, 360.0)",1,3,1
2852,"(170.0, 463.0)",0,0,0
2853,"(150.0, 463.0)",0,0,0
2854,"(110.0, 445.0)",0,4,0
2855,"(89.0, 443.0)",0,4,0
2856,"(89.0, 443.0)",0,4,0
2857,"(88.0, 443.0)",0,4,0
2858,"(337.0, 361.0)",1,3,1
2859,"(337.0, 361.0)",1,3,1
2860,"(337.0, 360.0)",1,3,1
2861,"(337.0, 360.0)",1,3,1
2862,"(357.0, 360.0)",1,3,1
2863,"(357.0, 360.0)",1,3,1
2864,"(357.0, 360.0)",1,3,1
2865,"(357.0, 360.0)",1,3,1
2866,"(81.0, 445.0)",0,4,0
2867,"(89.0, 444.0)",0,4,0
2868,"(455.0, 360.0)",1,3,1
2869,"(1308.0, 401.0)",6,5,5
2870,"(1305.0, 401.0)",6,5,5
2871,"(1306.0, 401.0)",6,5,5
2872,"(1059.0, 545.0)",5,6,6
2872,"(1306.0, 401.0)",6,5,5
2873,"(1058.0, 544.0)",5,6,-1
2874,"(1075.0, 565.0)",5,6,6
2875,"(137.0, 462.0)",0,0,0
2876,"(150.0, 463.0)",0,0,0
2877,"(150.0, 463.0)",0,0,0
2878,"(150.0, 463.0)",0,0,0
2879,"(146.0, 463.0)",0,0,0
2880,"(353.0, 360.0)",1,3,1
2881,"(337.0, 363.0)",1,3,1
2882,"(337.0, 360.0)",1,3,1
2883,"(337.0, 360.0)",1,3,1
2884,"(66.0, 442.0)",0,4,0
2884,"(357.0, 360.0)",1,3,1
2885,"(419.0, 360.0)",1,3,1
2886,"(439.0, 360.0)",1,3,1
2887,"(460.0, 360.0)",1,3,1
2888,"(460.0, 360.0)",1,3,1
2889,"(480.0, 360.0)",1,3,1
2890,"(500.0, 361.0)",1,3,1
2891,"(499.0, 360.0)",1,3,1
2892,"(1306.0, 399.0)",6,5,5
2893,"(1305.0, 402.0)",6,5,5
2894,"(1306.0, 401.0)",6,5,5
2895,"(1305.0, 401.0)",6,5,5
2896,"(109.0, 459.0)",0,4,0
2897,"(109.0, 463.0)",0,4,0
2898,"(110.0, 462.0)",0,4,0
2899,"(150.0, 463.0)",0,0,0
2900,"(110.0, 460.0)",0,4,0
2901,"(109.0, 461.0)",0,4,0
2902,"(127.0, 463.0)",0,0,0
2903,"(112.0, 462.0)",0,4,0
2904,"(159.0, 463.0)",0,0,0
2904,"(420.0, 360.0)",1,3,1
2905,"(439.0, 360.0)",1,3,1
2906,"(419.0, 360.0)",1,3,1
2907,"(439.0, 360.0)",1,3,1
2908,"(357.0, 360.0)",1,3,1
2909,"(337.0, 361.0)",1,3,1
2910,"(336.0, 372.0)",1,3,1
2911,"(336.0, 361.0)",1,3,1
2912,"(336.0, 379.0)",1,3,1
2913,"(337.0, 361.0)",1,3,1
2914,"(111.0, 451.0)",0,4,0
2915,"(110.0, 443.0)",0,4,0
2916,"(86.0, 443.0)",0,4,0
2917,"(68.0, 443.0)",0,4,0
2918,"(67.0, 443.0)",0,4,0
2919,"(59.0, 443.0)",0,4,0
2920,"(84.0, 443.0)",0,4,0
2921,"(400.0, 360.0)",1,3,1
2922,"(418.0, 359.0)",1,3,1
2923,"(419.0, 360.0)",1,3,1
2924,"(419.0, 360.0)",1,3,1
2925,"(1016.0, 381.0)",4,1,2
2925,"(419.0, 360.0)",1,3,1
2926,"(996.0, 380.0)",4,1,2
2927,"(1056.0, 401.0)",4,1,2
2928,"(852.0, 360.0)",3,1,-1
2929,"(1079.0, 567.0)",5,6,6
2930,"(357.0, 360.0)",1,3,1
2931,"(337.0, 361.0)",1,3,1
2932,"(356.0, 360.0)",1,3,1
2933,"(338.0, 361.0)",1,3,1
2934,"(337.0, 361.0)",1,3,1
2935,"(337.0, 361.0)",1,3,1
2935,"(87.0, 443.0)",0,4,0
2936,"(72.0, 443.0)",0,4,0
2937,"(69.0, 443.0)",0,4,0
2938,"(69.0, 443.0)",0,4,0
2939,"(67.0, 443.0)",0,4,0
2940,"(398.0, 360.0)",1,3,1
2941,"(399.0, 360.0)",1,3,1
2942,"(400.0, 360.0)",1,3,1
2943,"(423.0, 360.0)",1,3,1
2944,"(459.0, 360.0)",1,3,1
2945,"(479.0, 360.0)",1,3,1
2946,"(870.0, 360.0)",3,1,-1
2946,"(205.0, 464.0)",0,0,0
2946,"(996.0, 381.0)",4,1,2
2947,"(194.0, 481.0)",0,0,0
2948,"(190.0, 482.0)",0,0,0
2949,"(173.0, 464.0)",0,0,0
2950,"(151.0, 463.0)",0,0,0
2951,"(335.0, 380.0)",1,3,1
2952,"(87.0, 443.0)",0,4,0
2953,"(86.0, 443.0)",0,4,0
2954,"(79.0, 443.0)",0,4,0
2955,"(95.0, 443.0)",0,4,0
2956,"(480.0, 360.0)",1,3,1
2957,"(480.0, 360.0)",1,3,1
2958,"(458.0, 360.0)",1,3,1
2959,"(421.0, 360.0)",1,3,1
2960,"(418.0, 360.0)",1,3,1
2961,"(416.0, 361.0)",1,3,1
2962,"(399.0, 360.0)",1,3,1
2963,"(1306.0, 446.0)",6,5,5
2964,"(401.0, 360.0)",1,3,1
2965,"(438.0, 361.0)",1,3,1
2965,"(1309.0, 442.0)",6,5,5
2966,"(460.0, 360.0)",1,3,1
2967,"(459.0, 360.0)",1,3,1
2968,"(1050.0, 381.0)",4,1,2
2969,"(151.0, 462.0)",0,0,0
2970,"(191.0, 463.0)",0,0,0
2971,"(150.0, 463.0)",0,0,0
2972,"(128.0, 463.0)",0,0,0
2973,"(110.0, 462.0)",0,4,0
2974,"(109.0, 462.0)",0,4,0
2975,"(374.0, 360.0)",1,3,1
2976,"(457.0, 360.0)",1,3,1
2977,"(478.0, 361.0)",1,3,1
2978,"(464.0, 360.0)",1,3,1
2979,"(474.0, 361.0)",1,3,1
2980,"(460.0, 360.0)",1,3,1
2981,"(414.0, 360.0)",1,3,1
2982,"(399.0, 360.0)",1,3,1
2983,"(397.0, 360.0)",1,3,1
2984,"(418.0, 360.0)",1,3,1
2985,"(419.0, 360.0)",1,3,1
2986,"(1306.0, 401.0)",6,5,5
2987,"(1306.0, 402.0)",6,5,5
2988,"(1307.0, 401.0)",6,5,5
2989,"(1307.0, 403.0)",6,5,5
2990,"(130.0, 443.0)",0,4,0
2991,"(91.0, 443.0)",0,4,0
2992,"(69.0, 442.0)",0,4,0
2993,"(69.0, 441.0)",0,4,0
2994,"(68.0, 443.0)",0,4,0
2995,"(357.0, 360.0)",1,3,1
2996,"(377.0, 360.0)",1,3,1
2997,"(418.0, 360.0)",1,3,1
2998,"(439.0, 360.0)",1,3,1
2999,"(212.0, 465.0)",0,0,0
3000,"(212.0, 463.0)",0,0,0
3001,"(193.0, 463.0)",0,0,0
3002,"(171.0, 463.0)",0,0,0
